rank,username,ptcg_id,area,points
1,JayWu100,tw85313935,新北市,300pt
2,James,tw34406887,新竹縣,252pt
3,TCGSTORE_SHAOTONG,tw03103631,臺北市,250pt
4,andrew,tw00057543,新北市,249pt
5,TheONE_LINYOUYI,tw08069127,新北市,245pt
6,Toby,tw29265523,新北市,224pt
7,kevin,tw48711959,彰化縣,220pt
8,FanFan,tw76708967,新北市,213pt
9,Evan,tw91677599,新北市,212pt
10,Iyiu,tw57615176,彰化縣,209pt
11,TheONE_KuoPinYi,tw96234784,臺北市,193pt
12,Jerry,tw09468385,臺北市,188pt
13,LINCHENJUI,tw91466649,新北市,185pt
14,Tim,tw89368672,新北市,177pt
15,B.N.C 林宇廷,tw37556303,高雄市,175pt
16,Anka,tw54587316,新北市,162pt
17,AndrewChung,tw89973725,高雄市,155pt
17,YuAn._84,tw12769027,新北市,155pt
19,TCGSTORE_Mike,tw55774266,桃園市,153pt
20,benjamin,tw40670915,桃園市,150pt
21,HAO-YU,tw65972314,新北市,139pt
22,Leon,tw49181959,新北市,137pt
23,PTCG-BOY,tw18142838,臺北市,135pt
23,Rich,tw36653768,新北市,135pt
25,Henry,tw82259698,新竹市,132pt
26,Mew_宥緯wade,tw81124094,新北市,129pt
27,Jimmy,tw22147179,新竹縣,128pt
28,1-3,tw66599212,彰化縣,122pt
29,ED,tw97066779,高雄市,120pt
30,Wade010926,tw42986392,臺北市,119pt
30,smallfiredragon,tw12360786,新北市,119pt
32,KB_QQQQQQ,tw42619471,新北市,117pt
33,Joshua,tw58176881,新竹市,113pt
34,POCHUN.CHEN,tw94001188,新竹縣,106pt
35,Joseph,tw45957987,新北市,99pt
35,Legoboy,tw97627454,桃園市,99pt
35,PAISELY,tw48442445,臺北市,99pt
38,Sunny,tw50896397,新竹縣,98pt
39,Benjamin,tw99268898,臺北市,97pt
40,B.N.C 林奕杰,tw75131206,高雄市,96pt
40,EricYang,tw04887888,高雄市,96pt
42,PLAY,tw33344901,彰化縣,93pt
42,YOYO,tw51675689,桃園市,93pt
44,Dream-N1ARK,tw54462001,高雄市,90pt
44,Klefki_Timmy,tw74697953,高雄市,90pt
46,Sean,tw65322738,臺北市,87pt
46,Yuki,tw24617527,新北市,87pt
48,Stanley040402,tw46899884,新北市,85pt
48,波加曼弟弟,tw32638091,臺北市,85pt
50,PEIN,tw82187253,桃園市,84pt
51,Kayson,tw81419386,新北市,79pt
51,MJ,tw00570442,臺北市,79pt
51,Wilson,tw66007671,新北市,79pt
54,Willy,tw38952785,桃園市,78pt
55,aurora,tw58040892,新北市,77pt
56,Watermelon,tw42807216,新北市,75pt
56,larry-N1ARK,tw99589299,高雄市,75pt
58,CCT_Shirakami,tw54665545,高雄市,73pt
58,EdwardJR,tw14778853,臺北市,73pt
60,Santos,tw70719415,新竹縣,71pt
61,StarCurry,tw41768227,彰化縣,69pt
62,Sean-N1ARK,tw36617899,高雄市,67pt
63,JPL,tw70889763,新北市,66pt
64,Abner-N1ARK,tw71084142,高雄市,65pt
64,Leo,tw75837772,新北市,65pt
64,OceanTsoi,tw49113528,新竹縣,65pt
67,David,tw87203702,新北市,64pt
68,baobaobaby530,tw78670690,臺北市,60pt
68,zivchen,tw30267620,臺中市,60pt
70,CHANGCHIAHAO,tw46558789,新北市,59pt
70,Lloyd,tw51338463,臺中市,59pt
70,Z,tw14181070,高雄市,59pt
73,Ethan,tw69338512,臺南市,58pt
73,Hsun,tw92487491,臺北市,58pt
75,LiBoyu,tw43248631,臺中市,57pt
75,Louis,tw13785127,新北市,57pt
77,TCGSTORE_Martin,tw93782599,桃園市,54pt
77,WilsonChang,tw95761035,桃園市,54pt
79,Rueisian,tw28186951,新北市,52pt
79,Stalin,tw76224514,新北市,52pt
79,Wilson,tw24152665,彰化縣,52pt
82,yichen,tw34688965,高雄市,51pt
83,Cheng1117,tw91113369,彰化縣,50pt
83,Jackson,tw58668941,南投縣,50pt
83,OP-Mantou,tw20495370,臺中市,50pt
86,FormoSHA,tw86807905,臺北市,49pt
86,KB_Cooper,tw05033566,臺北市,49pt
88,Marc,tw80275315,高雄市,48pt
89,Andy,tw19089077,苗栗縣,47pt
89,kan,tw30732451,苗栗縣,47pt
91,Ryan,tw62205605,高雄市,45pt
92,PingYu,tw05602573,高雄市,44pt
93,Ian-N1ARK,tw01545475,高雄市,43pt
94,Austin,tw12786878,臺北市,40pt
94,Ray,tw59978529,臺南市,40pt
94,Swps,tw40262046,高雄市,40pt
94,chang1101,tw56108597,宜蘭縣,40pt
98,hank,tw63175813,桃園市,38pt
99,DE-WEN,tw61835075,高雄市,37pt
100,Dr.GMBRayRay,tw58703570,高雄市,36pt
100,Eli,tw61299751,高雄市,36pt
100,henrik1119,tw09082546,新北市,36pt
100,vegetable,tw15743285,高雄市,36pt
104,Chenyikai,tw40017812,新北市,35pt
104,Cola,tw00060663,新北市,35pt
104,Ryan-N1ARK,tw74434118,高雄市,35pt
104,Xuan,tw90553997,苗栗縣,35pt
104,silei990113,tw26640245,基隆市,35pt
109,蔡仲硯,tw84697938,桃園市,34pt
110,totototo,tw26186753,高雄市,33pt
111,Young517,tw95299182,南投縣,32pt
112,LiaoZhenghao,tw11792037,臺中市,31pt
112,Toby,tw37286261,臺北市,31pt
112,andy,tw88607252,臺中市,31pt
115,Ben,tw72893589,新北市,30pt
115,Luke,tw61878373,臺北市,30pt
115,towaandsuiseisuki,tw94634524,彰化縣,30pt
118,JACK-GGGG,tw25540877,臺中市,29pt
119,Bernard,tw58300323,宜蘭縣,28pt
119,Chester,tw96313655,臺中市,28pt
121,CHENG,tw32525217,新竹縣,27pt
122,Terry,tw84616467,高雄市,26pt
122,Timmy,tw05499634,新北市,26pt
122,Tinlin,tw14215402,宜蘭縣,26pt
125,Alan,tw18197442,臺北市,25pt
125,KBAlan,tw60895624,臺北市,25pt
125,Leohu,tw80676630,臺北市,25pt
125,Momkey,tw32503844,新北市,25pt
125,Sun,tw02578849,臺北市,25pt
125,WUJIAAN,tw94009574,彰化縣,25pt
131,bruno,tw48025754,新北市,24pt
132,Dio,tw89855200,桃園市,23pt
132,Zoe,tw23419853,新北市,23pt
132,mario,tw39857794,臺北市,23pt
135,112,tw90833842,桃園市,22pt
135,LIN-YU-HSI,tw68956700,高雄市,22pt
135,Leo,tw00444865,高雄市,22pt
135,oneday,tw26859059,高雄市,22pt
135,yoyo-N1ARK,tw87775945,高雄市,22pt
140,Jerrychi,tw52648273,臺中市,21pt
141,0,tw69848771,臺北市,20pt
141,Fabre,tw08308725,臺北市,20pt
141,IYiu,tw41690897,彰化縣,20pt
141,Iris,tw92407763,桃園市,20pt
141,JeremyWei,tw77877011,苗栗縣,20pt
141,YUE,tw09225755,南投縣,20pt
141,大元,tw52615670,臺中市,20pt
148,TW_scary,tw91316813,臺南市,19pt
148,Xinyu,tw67716132,臺北市,19pt
150,PenguinCanFly,tw58583808,臺北市,18pt
151,Eric,tw17896772,臺北市,17pt
152,Cui,tw55359182,新北市,16pt
152,Jacksonlu,tw87526696,彰化縣,16pt
152,Jimmy,tw32262790,臺北市,16pt
152,Klefki_Ed,tw07064691,高雄市,16pt
152,Lin,tw01701324,高雄市,16pt
152,shark,tw27088222,桃園市,16pt
152,showyu,tw44862480,高雄市,16pt
159,EASON,tw02658166,彰化縣,15pt
159,Ian,tw54166685,臺中市,15pt
159,Ian,tw98560313,臺北市,15pt
159,Jayden,tw68369036,臺中市,15pt
159,Jim,tw25195359,彰化縣,15pt
159,Justin-N1ARK,tw56036096,高雄市,15pt
159,Kai,tw21335372,臺中市,15pt
159,LYM,tw90560772,雲林縣,15pt
159,LeeHandsome,tw10322586,雲林縣,15pt
159,PanLeo0810,tw90812581,新北市,15pt
159,Wu,tw24120338,嘉義市,15pt
159,benny,tw03402017,高雄市,15pt
171,Alan,tw31006483,臺中市,14pt
171,Cct_Kuro,tw75152965,高雄市,14pt
171,Kimi,tw78926465,新北市,14pt
171,LeeFour,tw52776388,高雄市,14pt
171,Max,tw46985962,臺北市,14pt
171,OPsally,tw04232774,臺中市,14pt
171,TG_Oscar,tw79421519,新北市,14pt
171,Yuyou,tw24543994,高雄市,14pt
179,Dunham,tw79062560,宜蘭縣,13pt
179,Yenyen,tw81291690,新北市,13pt
181,Ben,tw67016854,苗栗縣,12pt
181,Dragon,tw22280877,臺北市,12pt
181,Ethan,tw85225105,桃園市,12pt
181,Ivan,tw06195770,新北市,12pt
181,JAY,tw12516852,高雄市,12pt
181,Jelly,tw74783492,新北市,12pt
181,JoeyChang0521,tw89882541,新竹縣,12pt
181,Zhamao.,tw53413653,新北市,12pt
189,Closer,tw45505316,基隆市,11pt
189,Mike_wu,tw83426001,宜蘭縣,11pt
191,Alice,tw61675906,桃園市,10pt
191,Austin,tw03773578,臺北市,10pt
191,Bing,tw00283867,臺東縣,10pt
191,Brandon,tw98521904,新北市,10pt
191,Diego-N1ARK,tw57159167,高雄市,10pt
191,DoDo,tw42212253,新北市,10pt
191,EasonLee,tw98121463,新北市,10pt
191,Ethan,tw40518907,新北市,10pt
191,Golden,tw44119672,新北市,10pt
191,Harvey:),tw87179489,臺北市,10pt
191,Henry,tw23702739,桃園市,10pt
191,Jacob656,tw88469337,臺北市,10pt
191,James,tw53425245,桃園市,10pt
191,Jatt,tw56919295,新北市,10pt
191,Jeremy,tw20171459,臺北市,10pt
191,Mark0712,tw71446090,新北市,10pt
191,Miffy,tw52014839,彰化縣,10pt
191,Mingchen,tw89039996,新北市,10pt
191,Nick,tw61170081,高雄市,10pt
191,Oscar,tw83739705,桃園市,10pt
191,SAM,tw55309622,新北市,10pt
191,Sean,tw44293844,臺中市,10pt
191,Sheep,tw55628257,臺中市,10pt
191,Taro,tw92318109,新北市,10pt
191,Tommy,tw51647865,新北市,10pt
191,ViolaLiau,tw27584631,苗栗縣,10pt
191,dittoman,tw77197938,桃園市,10pt
191,iamnotman0000,tw02105248,臺北市,10pt
191,joker,tw98027117,雲林縣,10pt
191,mark,tw75127727,高雄市,10pt
191,pig,tw15417650,新北市,10pt
191,sega,tw27254700,臺北市,10pt
223,Jirachiteam_Ivan,tw50023354,臺南市,9pt
223,K.C,tw53499208,苗栗縣,9pt
225,1000Fu,tw73188216,彰化縣,8pt
225,7you1ting,tw61541085,高雄市,8pt
225,Anna,tw33976962,新北市,8pt
225,Beck,tw93719435,高雄市,8pt
225,Chen,tw89692020,新竹縣,8pt
225,Cooper,tw33233319,新竹市,8pt
225,Fabio,tw91680832,臺中市,8pt
225,Hank,tw25778802,高雄市,8pt
225,Ian,tw95217073,臺北市,8pt
225,Ian,tw30147118,高雄市,8pt
225,Leo0825,tw68703676,高雄市,8pt
225,OP_Sharon,tw18336767,臺中市,8pt
225,Satoru,tw95235085,桃園市,8pt
225,Terry,tw32701908,桃園市,8pt
225,Ting,tw90305952,高雄市,8pt
225,YO,tw68119802,高雄市,8pt
225,chen,tw48315800,新竹市,8pt
242,Aix,tw07040865,高雄市,6pt
242,Alice,tw48874828,臺中市,6pt
242,B3NN3Tt,tw08788083,高雄市,6pt
242,Bob,tw61311183,新北市,6pt
242,Chenyen,tw81036560,新竹市,6pt
242,Chloe,tw03523852,臺中市,6pt
242,Clayton,tw28434285,新北市,6pt
242,Eason,tw68774056,新北市,6pt
242,Eason,tw22332732,新北市,6pt
242,Elson,tw95797097,桃園市,6pt
242,Henry,tw21355635,新北市,6pt
242,Henry,tw57273060,新北市,6pt
242,Henry,tw62892033,新北市,6pt
242,Howard,tw54264773,南投縣,6pt
242,Howard,tw31295126,高雄市,6pt
242,Jack,tw87593420,宜蘭縣,6pt
242,James,tw10133658,新北市,6pt
242,Jirachi_chen,tw04996089,臺南市,6pt
242,Kai,tw54206403,嘉義市,6pt
242,Laurum,tw12039685,高雄市,6pt
242,Mario,tw80139189,臺北市,6pt
242,Marshal,tw33463324,宜蘭縣,6pt
242,OuO,tw92027316,新北市,6pt
242,PeytonB886,tw86866405,彰化縣,6pt
242,Ray,tw07566360,臺北市,6pt
242,Ray,tw83766750,高雄市,6pt
242,Ryan,tw53917462,新北市,6pt
242,Ryanliang,tw75000248,新北市,6pt
242,Sean777,tw04850060,苗栗縣,6pt
242,Shygo,tw04986951,彰化縣,6pt
242,Tzo,tw35693495,花蓮縣,6pt
242,Unasong,tw64903698,臺北市,6pt
242,Wang,tw55045145,高雄市,6pt
242,Will7777,tw55993300,臺中市,6pt
242,Yoyo,tw75508081,臺南市,6pt
242,kevin,tw06774867,桃園市,6pt
242,space,tw27558785,臺中市,6pt
242,wei,tw68923388,南投縣,6pt
242,白米,tw20051527,臺中市,6pt
281,Allen,tw12458790,高雄市,5pt
281,Austin,tw32577060,新北市,5pt
281,AustinChao,tw06937698,桃園市,5pt
281,Baybay,tw40994416,新北市,5pt
281,Ethan,tw29790670,臺北市,5pt
281,GMS_coffee086639,tw99788979,新竹縣,5pt
281,JL,tw01003353,新北市,5pt
281,Joanna,tw74546376,臺北市,5pt
281,Kane,tw02153841,雲林縣,5pt
281,Kaya,tw37808612,新北市,5pt
281,Kenny,tw81358721,新北市,5pt
281,Kevin114514,tw83480674,臺北市,5pt
281,LEO,tw32417762,臺中市,5pt
281,Lemon,tw69956243,新北市,5pt
281,Liam,tw13591620,金門縣,5pt
281,Ryan,tw33844026,新北市,5pt
281,Starbee,tw03308149,臺北市,5pt
281,TOBY,tw21630280,臺中市,5pt
281,TRR,tw85805854,桃園市,5pt
281,TingChung,tw56197320,臺中市,5pt
281,Tony,tw67814341,臺北市,5pt
281,Vrttw,tw40722297,臺北市,5pt
281,WEN,tw37101976,新北市,5pt
281,William,tw30182919,臺南市,5pt
281,XiJinping,tw97165922,新竹市,5pt
281,bong,tw21134787,苗栗縣,5pt
281,cvbid,tw48329396,臺南市,5pt
281,jsttu2125,tw68822428,新北市,5pt
281,liyuchen990704,tw74771672,新竹縣,5pt
281,pokemonHank,tw07498797,臺南市,5pt
281,waterwork,tw68389784,臺北市,5pt
312,123456789,tw69404327,臺中市,4pt
312,Alice,tw81357440,新北市,4pt
312,BST_Lydia,tw23289127,臺中市,4pt
312,Bella,tw91876395,苗栗縣,4pt
312,Black-Penguin,tw94967871,桃園市,4pt
312,DIDIGINGOBI,tw94692123,高雄市,4pt
312,Duncan,tw49925937,桃園市,4pt
312,Eric,tw53103765,臺北市,4pt
312,Freddy,tw18831429,臺中市,4pt
312,Harry,tw25854174,新竹市,4pt
312,Hewitt,tw02519013,臺北市,4pt
312,Hitai,tw57173937,臺中市,4pt
312,Jason,tw37855988,臺北市,4pt
312,JustinChang0912,tw06953175,新竹縣,4pt
312,Kimi,tw38407666,臺中市,4pt
312,Lee,tw71931416,高雄市,4pt
312,Lion-boy,tw63599207,高雄市,4pt
312,Luke,tw17698132,新北市,4pt
312,MW-Hong,tw23189382,高雄市,4pt
312,MasonTse,tw24493749,臺北市,4pt
312,Minnie,tw17712172,新北市,4pt
312,Molly,tw84957647,臺北市,4pt
312,Peter0131,tw07806674,高雄市,4pt
312,RedName:/,tw64841238,新北市,4pt
312,Shara,tw88239785,新北市,4pt
312,Slyron,tw86721170,桃園市,4pt
312,WUJIASIANG,tw42891021,彰化縣,4pt
312,max,tw13175197,桃園市,4pt
312,smile,tw85760897,臺南市,4pt
312,大安呆伊布,tw04530685,臺北市,4pt
342,muaji._.dpx,tw99691140,新北市,3pt
343,$Aiden$,tw88998927,桃園市,0pt
343,********************,tw60350798,高雄市,0pt
343,-RAY-,tw73628892,新北市,0pt
343,3.1415,tw13929733,新北市,0pt
343,1818,tw26592496,新北市,0pt
343,12345,tw51471847,新北市,0pt
343,142857,tw54879046,南投縣,0pt
343,52$$52$$,tw00610960,新北市,0pt
343,878787,tw98595535,桃園市,0pt
343,987654321,tw79702513,新竹縣,0pt
343,20131204001,tw44131772,苗栗縣,0pt
343,981120_kai,tw24375776,桃園市,0pt
343,:>,tw64829883,高雄市,0pt
343,@_@,tw33313861,臺南市,0pt
343,AAA.,tw53506901,高雄市,0pt
343,ANO,tw88383622,桃園市,0pt
343,Ace,tw38146096,新竹縣,0pt
343,Adam,tw34855660,新北市,0pt
343,Alan,tw67216298,臺中市,0pt
343,Albert,tw55451987,桃園市,0pt
343,Albert.H,tw73780279,臺中市,0pt
343,Alex,tw75042752,新北市,0pt
343,Alez,tw93176236,高雄市,0pt
343,Alston,tw23502628,苗栗縣,0pt
343,Alston,tw23428252,高雄市,0pt
343,Alvin,tw34068679,臺北市,0pt
343,Alvinh,tw36284604,臺北市,0pt
343,Amongus,tw97795517,臺北市,0pt
343,An,tw58490256,高雄市,0pt
343,Andrew,tw51464871,新竹市,0pt
343,Andrew0213,tw27148574,新北市,0pt
343,Andrewyueh,tw07494814,新北市,0pt
343,Andy1724,tw14825497,桃園市,0pt
343,Andy520,tw32801069,高雄市,0pt
343,AndyLiu,tw19846152,桃園市,0pt
343,Ann,tw30287263,臺中市,0pt
343,Anthony,tw57123763,新竹縣,0pt
343,Apple,tw82042897,桃園市,0pt
343,Arnold,tw58280225,新北市,0pt
343,Astinlai,tw92746318,新北市,0pt
343,Aton,tw47968107,桃園市,0pt
343,Austin,tw19561393,彰化縣,0pt
343,B.S.T Adam,tw81338076,臺中市,0pt
343,BOWN,tw18059812,新北市,0pt
343,BT,tw85633415,臺中市,0pt
343,Bard,tw59747434,高雄市,0pt
343,Belle,tw00121192,新北市,0pt
343,Bibarel,tw79618823,新北市,0pt
343,BigJay,tw49185198,屏東縣,0pt
343,Biggie,tw23009605,新北市,0pt
343,Bigguy,tw08809914,臺北市,0pt
343,Blue-rabbit,tw76371374,桃園市,0pt
343,Bojyunchen,tw18495385,新北市,0pt
343,Branden0712,tw34631417,高雄市,0pt
343,Brett,tw93348936,彰化縣,0pt
343,BriaN,tw76131589,新北市,0pt
343,Bulbasaur,tw37435098,臺北市,0pt
343,Bule,tw17279202,宜蘭縣,0pt
343,CANDY7,tw01537140,高雄市,0pt
343,CHEN-BING-JIE,tw13449423,彰化縣,0pt
343,CHENRyan,tw42261938,臺北市,0pt
343,CHTso,tw81645918,新竹縣,0pt
343,Caleb,tw27788362,臺北市,0pt
343,CardPackKing,tw27614693,新北市,0pt
343,Carol,tw86383314,高雄市,0pt
343,Caster,tw34972125,南投縣,0pt
343,Cayden,tw91655050,新竹縣,0pt
343,Charlie,tw67499326,新北市,0pt
343,Charlie,tw83004748,新竹縣,0pt
343,Charlie,tw40490299,桃園市,0pt
343,Chautin,tw64006248,高雄市,0pt
343,Chen,tw12141522,新竹市,0pt
343,Chi,tw17310914,新北市,0pt
343,ChiBing,tw65753987,桃園市,0pt
343,Chin-ii,tw61100990,高雄市,0pt
343,Chou-bing-chein,tw52509435,彰化縣,0pt
343,Chris,tw56976478,新北市,0pt
343,ChrisKuo,tw71911721,臺北市,0pt
343,Chrispin,tw45404096,高雄市,0pt
343,Chunhao,tw09563486,高雄市,0pt
343,Cindy,tw47867576,新北市,0pt
343,Colin,tw61611288,新北市,0pt
343,Cory,tw34494847,新北市,0pt
343,Costa-P,tw96578235,臺北市,0pt
343,Cow,tw78854891,高雄市,0pt
343,Crow,tw04844317,新北市,0pt
343,Curtis,tw30260076,新北市,0pt
343,Cuteglaceon,tw86754212,高雄市,0pt
343,DDEEA57,tw16906817,臺北市,0pt
343,DODO,tw05929087,新北市,0pt
343,DarrenChiu,tw95718259,臺北市,0pt
343,Derek,tw14753402,臺北市,0pt
343,Dewott,tw32945802,新竹市,0pt
343,Dfft,tw63033237,臺南市,0pt
343,Diego,tw98026492,臺北市,0pt
343,Dillo,tw14089506,臺北市,0pt
343,Dino,tw34341752,新北市,0pt
343,Ditto.1,tw33562653,新北市,0pt
343,Dondon,tw47050420,新竹市,0pt
343,Donnie,tw12193405,新北市,0pt
343,Dora,tw29284087,屏東縣,0pt
343,Dragon,tw22476955,臺南市,0pt
343,Drew,tw44291883,臺北市,0pt
343,DukeLee,tw79670782,新北市,0pt
343,Dumbo,tw31961498,臺北市,0pt
343,Dylan,tw12392068,新北市,0pt
343,EDMUND,tw78733196,新北市,0pt
343,Eason,tw10205900,臺中市,0pt
343,Eason,tw52522133,臺中市,0pt
343,Eason,tw97358920,高雄市,0pt
343,Eason0711,tw57810177,新北市,0pt
343,Easonlai0728,tw23691954,臺中市,0pt
343,Eddie,tw24974897,高雄市,0pt
343,EddieYen,tw60640239,臺北市,0pt
343,Eden,tw45288429,新北市,0pt
343,Electricity,tw48740505,桃園市,0pt
343,Eli,tw32378643,臺南市,0pt
343,Elijah,tw29089098,新北市,0pt
343,Eric,tw53368463,高雄市,0pt
343,Ethan,tw67333846,宜蘭縣,0pt
343,Ethan,tw95130204,宜蘭縣,0pt
343,Ethan,tw44232483,新北市,0pt
343,Ethan,tw56877156,臺北市,0pt
343,EthanLu,tw54077525,新北市,0pt
343,EttaChen,tw09151478,新北市,0pt
343,Eugene,tw30916425,新北市,0pt
343,Evan,tw99613785,臺北市,0pt
343,FanYang,tw70891974,桃園市,0pt
343,Fanny,tw19825298,新北市,0pt
343,FawkesTai,tw84643712,桃園市,0pt
343,Felix,tw09467866,臺北市,0pt
343,Fiona,tw96192713,新北市,0pt
343,Fly,tw42595931,苗栗縣,0pt
343,FroakieOscar,tw39404700,新北市,0pt
343,GHO,tw18716707,宜蘭縣,0pt
343,GQuuuuuuX,tw99165596,新竹市,0pt
343,Gala,tw56123630,臺中市,0pt
343,Gary,tw36271539,新北市,0pt
343,Gary,tw38062533,新北市,0pt
343,Gene,tw58969560,苗栗縣,0pt
343,George,tw19270318,臺中市,0pt
343,Gino,tw55391620,臺北市,0pt
343,Godan,tw61019343,宜蘭縣,0pt
343,Gordonlin117,tw70537514,桃園市,0pt
343,Grace,tw77394923,臺北市,0pt
343,Greentea,tw83883059,臺北市,0pt
343,Greg,tw32594685,臺北市,0pt
343,HAN,tw34492473,高雄市,0pt
343,HOWARD,tw52074493,臺北市,0pt
343,Hahandrewang,tw08619274,新北市,0pt
343,Hango,tw24385136,臺北市,0pt
343,Hanson0215,tw34141540,新竹縣,0pt
343,Harry,tw66551687,新北市,0pt
343,Harry,tw46557839,雲林縣,0pt
343,Harry,tw90893572,高雄市,0pt
343,HarryWang,tw41202079,臺北市,0pt
343,Henry,tw81406841,臺北市,0pt
343,Hirofumi,tw60649131,臺北市,0pt
343,Hong,tw84495423,新北市,0pt
343,Howard,tw87467841,新北市,0pt
343,Howard,tw10033867,新竹縣,0pt
343,Howard,tw04500681,臺南市,0pt
343,Howear,tw27378980,彰化縣,0pt
343,Huey,tw65653663,臺南市,0pt
343,Hung/3050,tw70232722,彰化縣,0pt
343,Ian,tw21946513,新北市,0pt
343,Ian,tw15505264,桃園市,0pt
343,Issac,tw11986118,臺北市,0pt
343,JIMHUANG,tw59377214,新北市,0pt
343,JJ,tw58189327,新竹縣,0pt
343,JJ,tw44723280,臺中市,0pt
343,JOJO,tw59947617,彰化縣,0pt
343,JOJO,tw07742633,高雄市,0pt
343,Jack,tw88583244,高雄市,0pt
343,Jacon,tw98664356,新北市,0pt
343,James,tw34714638,彰化縣,0pt
343,James,tw62034080,臺北市,0pt
343,James,tw38485041,高雄市,0pt
343,James1015,tw15495408,臺東縣,0pt
343,Jason,tw31602833,宜蘭縣,0pt
343,Jason,tw52254665,新竹市,0pt
343,Jason,tw55353975,臺中市,0pt
343,Jason:),tw66900774,新北市,0pt
343,JasonKo0503,tw87105923,臺北市,0pt
343,Jayshen,tw67993988,臺北市,0pt
343,Jayshen,tw91203979,臺北市,0pt
343,Jean,tw04463149,新北市,0pt
343,Jekai,tw39358496,南投縣,0pt
343,Jerry,tw38515370,嘉義市,0pt
343,Jerry,tw33969659,臺中市,0pt
343,Jerry,tw05538206,臺北市,0pt
343,Jerry,tw36911783,臺北市,0pt
343,Jerrychou,tw06731293,臺北市,0pt
343,Jerrylee,tw91492623,臺北市,0pt
343,Jim,tw47502739,新北市,0pt
343,Jim,tw27218185,桃園市,0pt
343,Jimmy,tw81229373,高雄市,0pt
343,Jimmy95391103,tw75335271,臺南市,0pt
343,Jin,tw16799684,新北市,0pt
343,Jirachiteam_Larry,tw50039394,臺南市,0pt
343,Jirachiteam_jason,tw54204898,臺南市,0pt
343,JodeJoestar,tw23411379,新北市,0pt
343,JoePan,tw12944938,高雄市,0pt
343,Joey,tw98048714,新北市,0pt
343,Joey,tw32513728,桃園市,0pt
343,JoeyLiu,tw29058099,新竹市,0pt
343,Johnny,tw91224803,新北市,0pt
343,Jonathan,tw43776354,屏東縣,0pt
343,JordanCho,tw16835312,臺中市,0pt
343,Justin,tw25944264,新北市,0pt
343,Justin,tw64888775,臺南市,0pt
343,Justin-LIN,tw36875462,臺中市,0pt
343,K,tw48688668,臺中市,0pt
343,K.C,tw62910201,苗栗縣,0pt
343,KATE,tw25676769,新北市,0pt
343,KAYDEN,tw78585844,新北市,0pt
343,KH_YICHEN,tw48931836,高雄市,0pt
343,Kai,tw95441769,新北市,0pt
343,Kai100,tw46865426,高雄市,0pt
343,Kate^_^,tw69357931,桃園市,0pt
343,Ken,tw87429407,高雄市,0pt
343,Kevin,tw54380998,臺北市,0pt
343,Kevin,tw78940135,高雄市,0pt
343,Kevin1207,tw17980735,新竹縣,0pt
343,KevinLiu,tw99637322,臺中市,0pt
343,Kimi,tw95616910,臺中市,0pt
343,Kobe,tw90557440,臺中市,0pt
343,KuoTingAn,tw32169304,桃園市,0pt
343,Kyle,tw60749156,臺中市,0pt
343,Kyle,tw86238686,臺南市,0pt
343,LF,tw81039332,新北市,0pt
343,LISEN,tw15581512,臺北市,0pt
343,LIU-EN-KAI,tw01779956,臺中市,0pt
343,LOYANKAI,tw95312126,臺中市,0pt
343,LYNCH,tw23566752,宜蘭縣,0pt
343,Larry,tw15448929,新北市,0pt
343,Leo,tw75475628,臺北市,0pt
343,Leo,tw82423242,臺北市,0pt
343,Leo,tw11110528,高雄市,0pt
343,Leo,tw67974830,高雄市,0pt
343,LeoChen,tw98507163,臺北市,0pt
343,Leochen,tw48730092,宜蘭縣,0pt
343,Leon,tw95690883,桃園市,0pt
343,Ligigang,tw72010204,新竹縣,0pt
343,Lin,tw63086366,新北市,0pt
343,Lin,tw51822143,高雄市,0pt
343,Linpochen,tw12646398,臺南市,0pt
343,Linz,tw48139608,臺北市,0pt
343,Lion,tw69196106,屏東縣,0pt
343,Lono4716,tw42965205,臺南市,0pt
343,Louis0604,tw79490964,新北市,0pt
343,Loyanhung,tw68854118,臺中市,0pt
343,Lucas,tw07613662,彰化縣,0pt
343,Lucas,tw12987551,新北市,0pt
343,Lucas,tw98262450,桃園市,0pt
343,Lucy,tw04506312,新北市,0pt
343,Luke,tw98325703,桃園市,0pt
343,Luyajing,tw16992270,嘉義市,0pt
343,MINEN,tw35592681,苗栗縣,0pt
343,MOLLY,tw14559623,臺北市,0pt
343,Mango,tw36357779,新竹市,0pt
343,Marchlelo,tw65902993,臺中市,0pt
343,Mario,tw52987791,臺北市,0pt
343,Mark,tw56872586,高雄市,0pt
343,Martin,tw21251140,新北市,0pt
343,Martin,tw85942881,新竹縣,0pt
343,Mason,tw88388620,新竹縣,0pt
343,Master(tang),tw44209669,新北市,0pt
343,MattKao,tw81228158,新北市,0pt
343,Matthew19090,tw72700451,新北市,0pt
343,Max,tw09174532,嘉義市,0pt
343,Max,tw80578239,新北市,0pt
343,Max,tw15913433,臺北市,0pt
343,Max,tw93753969,臺北市,0pt
343,Max,tw11622091,高雄市,0pt
343,MaxChen,tw53462965,臺北市,0pt
343,Mdfk,tw47968077,新北市,0pt
343,Mei,tw81701099,臺北市,0pt
343,Meow0000,tw80615930,新竹市,0pt
343,Miles,tw51444990,臺北市,0pt
343,MilkWithYogurt,tw46818576,新北市,0pt
343,Milo,tw43413627,新北市,0pt
343,Mochi,tw47370858,臺北市,0pt
343,Momo,tw89382953,新竹縣,0pt
343,Morris,tw37188245,臺北市,0pt
343,Mos0619,tw24533929,新北市,0pt
343,MuYen,tw93979848,新北市,0pt
343,Mumin,tw26046733,新北市,0pt
343,MzEnNiCe,tw74349146,基隆市,0pt
343,Neokao,tw77556920,臺北市,0pt
343,Nick,tw10534191,新北市,0pt
343,Nick,tw17419300,新北市,0pt
343,NickTseng,tw14899179,南投縣,0pt
343,Nicole,tw65573984,臺北市,0pt
343,Noob,tw55472011,桃園市,0pt
343,OP-CINDY,tw57925986,臺中市,0pt
343,OP-Henry,tw21199961,臺中市,0pt
343,OP-yoyo,tw72883580,臺中市,0pt
343,OP.Darren,tw01856787,臺中市,0pt
343,Ogerpon,tw51947475,臺中市,0pt
343,Ohmyga,tw99058082,高雄市,0pt
343,Oliver,tw41097698,臺中市,0pt
343,Oliver4554,tw43204743,桃園市,0pt
343,Olivia,tw41513524,新北市,0pt
343,Ollie,tw77534107,臺北市,0pt
343,Omar,tw92035130,新北市,0pt
343,Oscar,tw44831806,南投縣,0pt
343,Oscar,tw00216346,新北市,0pt
343,Owen,tw07873657,臺中市,0pt
343,Owen0314,tw38932761,高雄市,0pt
343,Owen4554,tw46248346,桃園市,0pt
343,ParryHsu,tw61194586,臺中市,0pt
343,Paulson,tw56524187,臺北市,0pt
343,Pear,tw21073518,新北市,0pt
343,Peter,tw09871816,新北市,0pt
343,Peter,tw66600887,臺北市,0pt
343,PeterChen,tw71024012,臺北市,0pt
343,Phoenixweng,tw36372317,苗栗縣,0pt
343,Pitt,tw57650395,臺北市,0pt
343,Poteryun,tw98950182,新竹市,0pt
343,QAQ,tw75062894,桃園市,0pt
343,R.MVP.R,tw17953874,高雄市,0pt
343,REN,tw11750747,高雄市,0pt
343,RONGLL,tw42801103,臺中市,0pt
343,RT,tw93416087,新北市,0pt
343,Rainlu,tw11924993,新竹縣,0pt
343,Raku,tw57920593,新竹市,0pt
343,Ray,tw32887921,彰化縣,0pt
343,Ray,tw40498643,臺北市,0pt
343,Ray980128,tw81252732,臺北市,0pt
343,RayRay,tw93055631,臺北市,0pt
343,RayWei5678,tw63522914,臺北市,0pt
343,Raymen,tw47769971,臺北市,0pt
343,Rich,tw80271186,宜蘭縣,0pt
343,Ricky4976,tw20354994,新竹縣,0pt
343,Ritch,tw21611529,新北市,0pt
343,Roger,tw54284146,新竹市,0pt
343,Rrr,tw04063869,新北市,0pt
343,RubioSaNightDo,tw88542611,彰化縣,0pt
343,Rudy,tw82267893,新北市,0pt
343,Rui,tw05143281,新北市,0pt
343,Ryan,tw86499130,新北市,0pt
343,Ryan,tw54585036,新北市,0pt
343,Ryan,tw76983033,臺北市,0pt
343,RyanKing,tw22566328,臺北市,0pt
343,Ryder,tw93817926,新北市,0pt
343,Ryder,tw19406897,高雄市,0pt
343,STeVe,tw10990101,臺中市,0pt
343,Sam,tw81838129,臺中市,0pt
343,Sam,tw87327796,苗栗縣,0pt
343,Sam,tw02031652,苗栗縣,0pt
343,Samuel,tw54868496,桃園市,0pt
343,Samuel,tw74493945,桃園市,0pt
343,Sanada990721,tw93844023,桃園市,0pt
343,SandyYang,tw87429007,臺北市,0pt
343,Sean,tw29666642,桃園市,0pt
343,Sean,tw08053549,臺北市,0pt
343,Sean,tw48390702,臺北市,0pt
343,Sean,tw53878498,臺北市,0pt
343,Sean,tw84535809,臺北市,0pt
343,Sean,tw84963813,高雄市,0pt
343,Sean.SE.Tsai,tw94986162,臺北市,0pt
343,Sebastien,tw03453827,臺北市,0pt
343,Seven,tw22658743,新北市,0pt
343,ShaoYen,tw67636720,臺南市,0pt
343,Shawn,tw41639137,臺南市,0pt
343,Shelly,tw31315105,新竹縣,0pt
343,Shen,tw04081951,臺北市,0pt
343,Shine,tw45659587,彰化縣,0pt
343,Simon0907,tw42355562,新北市,0pt
343,Sophie,tw21084537,桃園市,0pt
343,St,tw70643674,桃園市,0pt
343,StEvE,tw21368322,臺中市,0pt
343,StupXd,tw39116415,臺北市,0pt
343,Su,tw69691978,雲林縣,0pt
343,Sung-Jin-woo,tw96571468,新北市,0pt
343,Supao,tw79303763,高雄市,0pt
343,TG_Aoi0614,tw06844220,臺北市,0pt
343,TH,tw84238347,臺北市,0pt
343,TIEN-WEI-HSIANG,tw34233770,彰化縣,0pt
343,TINA,tw88562353,臺中市,0pt
343,TNFCG_Marikowop,tw27910222,臺南市,0pt
343,TSENG,GUANG-YUAN,tw59350658,新竹縣,0pt
343,TTV_EPISSB,tw90895384,臺中市,0pt
343,Tem,tw67886635,新北市,0pt
343,Terry,tw37570069,桃園市,0pt
343,Tico,tw34463295,彰化縣,0pt
343,Tim,tw72722713,新北市,0pt
343,Tim,tw01031400,臺中市,0pt
343,Timmy,tw97396398,臺北市,0pt
343,Timmy,tw43639990,臺北市,0pt
343,Tony,tw63731684,臺北市,0pt
343,Tony,tw81788530,臺北市,0pt
343,Tony,tw52869868,臺北市,0pt
343,Tony,tw66851395,臺北市,0pt
343,Tony,tw43113906,臺南市,0pt
343,Tony,tw57300547,新竹縣,0pt
343,Tyne-Li,tw04149115,臺南市,0pt
343,UP,tw99838588,嘉義縣,0pt
343,Victor,tw88956966,臺北市,0pt
343,Vincent,tw72949913,臺北市,0pt
343,WD,tw72019245,桃園市,0pt
343,WangPoYEN,tw30975565,新北市,0pt
343,Wayne,tw63553237,新北市,0pt
343,William,tw52441919,臺南市,0pt
343,William99626,tw56239139,新竹縣,0pt
343,Willis,tw64967369,臺北市,0pt
343,Willy123,tw36382138,新北市,0pt
343,Winnie,tw55796625,新北市,0pt
343,Woody,tw82815591,桃園市,0pt
343,WuLeLe,tw02269447,臺北市,0pt
343,Xian0128,tw74183379,高雄市,0pt
343,XinChen,tw15567133,新北市,0pt
343,Xun,tw40746228,臺北市,0pt
343,YC,tw95753136,新北市,0pt
343,YI-TING,tw98553235,新北市,0pt
343,YOYO,tw60413484,新北市,0pt
343,YYDS,tw53287778,新北市,0pt
343,Yang,tw47677695,臺南市,0pt
343,Yang395,tw46100395,高雄市,0pt
343,Yao,tw12541872,桃園市,0pt
343,Yobrother,tw97183798,屏東縣,0pt
343,Yoda,tw26918012,桃園市,0pt
343,Yoga,tw52762134,新北市,0pt
343,York,tw35915327,新北市,0pt
343,York,tw14385566,桃園市,0pt
343,Yoyo0905,tw58328483,新北市,0pt
343,Yu,tw56537863,高雄市,0pt
343,YuHao,tw86444135,臺北市,0pt
343,Yujn,tw41114921,臺北市,0pt
343,Zack,tw91480781,新北市,0pt
343,Zake,tw10195208,新北市,0pt
343,Zijin,tw59845381,高雄市,0pt
343,Zishan,tw41958538,新北市,0pt
343,Zxzx,tw10990659,彰化縣,0pt
343,^_^,tw14474658,高雄市,0pt
343,a12102238,tw65367518,桃園市,0pt
343,aass0310,tw67489398,高雄市,0pt
343,alan,tw18738511,臺中市,0pt
343,allen1228,tw25334780,新北市,0pt
343,andy,tw37352245,新北市,0pt
343,ben,tw60362249,臺北市,0pt
343,bobby,tw85402596,新北市,0pt
343,bright,tw96850405,臺北市,0pt
343,bun_nana,tw10263420,桃園市,0pt
343,chen,tw04644149,新北市,0pt
343,chien,tw30194729,臺北市,0pt
343,cindy,tw77429610,高雄市,0pt
343,cliff_wu_0314,tw74070399,臺中市,0pt
343,cof_000,tw41946933,臺北市,0pt
343,cosmos,tw83897958,桃園市,0pt
343,doren,tw71540600,臺中市,0pt
343,eagle,tw19067926,高雄市,0pt
343,eason,tw91665878,新北市,0pt
343,eric,tw82842679,嘉義市,0pt
343,ethan,tw06981249,臺中市,0pt
343,fuck,tw65067260,新北市,0pt
343,gg,tw25946658,屏東縣,0pt
343,gino,tw87594661,桃園市,0pt
343,glasses,tw83441900,臺中市,0pt
343,goldgod,tw90710961,新竹縣,0pt
343,hans,tw15534950,臺北市,0pt
343,hehe0000,tw02535624,臺北市,0pt
343,henry,tw44250385,新北市,0pt
343,homey,tw07560069,高雄市,0pt
343,iceycold,tw97989927,新竹縣,0pt
343,jason,tw69035987,新北市,0pt
343,jasper,tw85352531,新北市,0pt
343,jay,tw97139567,南投縣,0pt
343,jimmy,tw75778514,新北市,0pt
343,josephlin,tw19603450,新北市,0pt
343,kaichen,tw81751939,高雄市,0pt
343,kay0926,tw04224093,新北市,0pt
343,kent,tw40475144,臺中市,0pt
343,kentsai,tw81796909,新北市,0pt
343,kidthephantomthief,tw46228271,宜蘭縣,0pt
343,kmJason0130,tw14212286,臺南市,0pt
343,komos,tw94073321,臺中市,0pt
343,lan,tw89711590,新竹縣,0pt
343,lan,tw43869961,桃園市,0pt
343,lcr1326312,tw13733005,臺中市,0pt
343,li._0228,tw94315025,臺南市,0pt
343,lintinager,tw19218480,高雄市,0pt
343,lion,tw51700508,臺北市,0pt
343,liuming487,tw07893493,宜蘭縣,0pt
343,logan.c,tw74566090,臺北市,0pt
343,lucas,tw32092217,臺南市,0pt
343,lucaschen868,tw03087567,臺中市,0pt
343,luke0225,tw68080815,彰化縣,0pt
343,luke9487,tw49855379,新北市,0pt
343,mad_dog8787,tw52693065,臺南市,0pt
343,mango,tw06341686,桃園市,0pt
343,mason,tw33769846,新北市,0pt
343,me,tw67859741,臺北市,0pt
343,milktea,tw78372275,臺中市,0pt
343,mix,tw99705293,高雄市,0pt
343,morris,tw82214575,臺北市,0pt
343,nbnb94nb,tw47069747,苗栗縣,0pt
343,neoneomap,tw70196302,花蓮縣,0pt
343,nicole,tw03588092,桃園市,0pt
343,owen,tw76584301,新北市,0pt
343,penguin,tw74135667,臺中市,0pt
343,peregrinus,tw40924784,臺中市,0pt
343,pigpig,tw98286133,臺中市,0pt
343,pikachu,tw78095888,臺中市,0pt
343,pinjun,tw54526787,南投縣,0pt
343,ptcg,tw95644190,臺北市,0pt
343,rain,tw88879468,高雄市,0pt
343,ray,tw52665529,桃園市,0pt
343,ray.,tw25863125,花蓮縣,0pt
343,redrock,tw52707168,桃園市,0pt
343,roro,tw36010830,桃園市,0pt
343,ryan109030,tw65187569,雲林縣,0pt
343,ryan623,tw17855373,臺中市,0pt
343,sam,tw46476589,新北市,0pt
343,shark,tw80430967,臺中市,0pt
343,shawn,tw66015260,新竹市,0pt
343,song,tw34038322,新北市,0pt
343,tootoo,tw64088340,高雄市,0pt
343,toru,tw00466627,宜蘭縣,0pt
343,ttiiowo,tw03571198,高雄市,0pt
343,tty,tw72584093,高雄市,0pt
343,wei40811,tw95967582,臺北市,0pt
343,witt,tw79680820,高雄市,0pt
343,yang,tw40060727,雲林縣,0pt
343,yoyo,tw74871763,新竹縣,0pt
343,yuan,tw34093826,臺北市,0pt
343,yuhui,tw70563861,臺南市,0pt
343,z,tw96600955,高雄市,0pt
343,zhen,tw64397141,新北市,0pt
343,zhiling,tw31039115,新竹縣,0pt
343,zuf,tw17152765,臺北市,0pt
343,zzerooney,tw99243748,臺北市,0pt
343,楊玄鋐,tw88268489,新北市,0pt
343,蛇龍,tw07063945,桃園市,0pt
