season,type,level,url_official,title,organizer,capacity,official_date,top128_file,top128_count
1,gbl,all,https://asia.pokemon-card.com/tw/event-search/43682/,2025-26 Taiwan Great Ball League Season 1,松梅桌遊,70 人,2025-09-06,top128_gbl_43682.csv,32
1,gbl,all,https://asia.pokemon-card.com/tw/event-search/43683/,2025-26 Taiwan Great Ball League Season 1,玩坊 桌遊店,70 人,2025-09-06,top128_gbl_43683.csv,32
1,gbl,all,https://asia.pokemon-card.com/tw/event-search/43684/,2025-26 Taiwan Great Ball League Season 1,鬥樂一中店,120 人,2025-09-06,top128_gbl_43684.csv,32
1,gbl,all,https://asia.pokemon-card.com/tw/event-search/43685/,2025-26 Taiwan Great Ball League Season 1,塔普卡桌遊卡牌,76 人,2025-09-06,top128_gbl_43685.csv,32
1,gbl,all,https://asia.pokemon-card.com/tw/event-search/43688/,2025-26 Taiwan Great Ball League Season 1,奇幻桌遊複合式餐廳,66 人,2025-09-06,top128_gbl_43688.csv,32
1,gbl,all,https://asia.pokemon-card.com/tw/event-search/43692/,2025-26 Taiwan Great Ball League Season 1,桌覓桌遊,66 人,2025-09-07,top128_gbl_43692.csv,32
1,gbl,all,https://asia.pokemon-card.com/tw/event-search/43693/,2025-26 Taiwan Great Ball League Season 1,卡舖啦啦,72 人,2025-09-07,top128_gbl_43693.csv,32
1,gbl,all,https://asia.pokemon-card.com/tw/event-search/43694/,2025-26 Taiwan Great Ball League Season 1,新世紀遊戲館,70 人,2025-09-07,top128_gbl_43694.csv,31
1,gbl,all,https://asia.pokemon-card.com/tw/event-search/43695/,2025-26 Taiwan Great Ball League Season 1,貓腳印松江店,97 人,2025-09-07,top128_gbl_43695.csv,32
1,gbl,all,https://asia.pokemon-card.com/tw/event-search/43696/,2025-26 Taiwan Great Ball League Season 1,一刻館卡片遊戲專賣店,66 人,2025-09-07,top128_gbl_43696.csv,32
1,gbl,all,https://asia.pokemon-card.com/tw/event-search/43697/,2025-26 Taiwan Great Ball League Season 1,紙牌屋,80 人,2025-09-13,top128_gbl_43697.csv,32
1,gbl,all,https://asia.pokemon-card.com/tw/event-search/43699/,2025-26 Taiwan Great Ball League Season 1,小蝦米玩具,68 人,2025-09-13,top128_gbl_43699.csv,32
1,gbl,all,https://asia.pokemon-card.com/tw/event-search/43700/,2025-26 Taiwan Great Ball League Season 1,磚櫃玩具店(台北店),66 人,2025-09-13,top128_gbl_43700.csv,31
1,gbl,all,https://asia.pokemon-card.com/tw/event-search/43701/,2025-26 Taiwan Great Ball League Season 1,松鼠窩桌遊館,70 人,2025-09-13,top128_gbl_43701.csv,32
1,gbl,all,https://asia.pokemon-card.com/tw/event-search/43703/,2025-26 Taiwan Great Ball League Season 1,諾亞方舟益智遊戲,90 人,2025-09-14,top128_gbl_43703.csv,32
1,gbl,all,https://asia.pokemon-card.com/tw/event-search/43705/,2025-26 Taiwan Great Ball League Season 1,Magic Star卡牌店,66 人,2025-09-13,top128_gbl_43705.csv,32
1,gbl,all,https://asia.pokemon-card.com/tw/event-search/43706/,2025-26 Taiwan Great Ball League Season 1,ALG-Academy Legacy Games,80 人,2025-09-14,top128_gbl_43706.csv,32
1,gbl,all,https://asia.pokemon-card.com/tw/event-search/43707/,2025-26 Taiwan Great Ball League Season 1,踢桌子,72 人,2025-09-14,top128_gbl_43707.csv,32
1,gbl,all,https://asia.pokemon-card.com/tw/event-search/43708/,2025-26 Taiwan Great Ball League Season 1,漢謚玩具社,128 人,2025-09-13,top128_gbl_43708.csv,32
1,gbl,all,https://asia.pokemon-card.com/tw/event-search/43709/,2025-26 Taiwan Great Ball League Season 1,Ririco - 集換式卡牌專賣,66 人,2025-09-20,top128_gbl_43709.csv,32
1,gbl,all,https://asia.pokemon-card.com/tw/event-search/43711/,2025-26 Taiwan Great Ball League Season 1,貓腳印士林店,96 人,2025-09-20,top128_gbl_43711.csv,32
1,gbl,all,https://asia.pokemon-card.com/tw/event-search/43712/,2025-26 Taiwan Great Ball League Season 1,嗷嗚桌遊百貨,70 人,2025-09-21,top128_gbl_43712.csv,32
1,gbl,all,https://asia.pokemon-card.com/tw/event-search/43713/,2025-26 Taiwan Great Ball League Season 1,貓腳印-彰化店,64 人,2025-09-21,top128_gbl_43713.csv,16
1,gbl,all,https://asia.pokemon-card.com/tw/event-search/43714/,2025-26 Taiwan Great Ball League Season 1,貓腳印 桃園店,72 人,2025-09-21,top128_gbl_43714.csv,32
1,gbl,all,https://asia.pokemon-card.com/tw/event-search/43718/,2025-26 Taiwan Great Ball League Season 1,貓腳印豐原店,80 人,2025-09-21,top128_gbl_43718.csv,32
1,gbl,all,https://asia.pokemon-card.com/tw/event-search/43719/,2025-26 Taiwan Great Ball League Season 1,貓腳印淡水店,68 人,2025-09-21,top128_gbl_43719.csv,31
1,gbl,all,https://asia.pokemon-card.com/tw/event-search/43782/,2025-26 Taiwan Great Ball League Season 1,Card Master,128 人,2025-09-06,top128_gbl_43782.csv,32
1,gbl,all,https://asia.pokemon-card.com/tw/event-search/45617/,2025-26 Taiwan Great Ball League Season 1,模羊玩具店,42 人,2025-09-27,top128_gbl_45617.csv,16
1,gbl,all,https://asia.pokemon-card.com/tw/event-search/45618/,2025-26 Taiwan Great Ball League Season 1,明日卡牌遊戲桌遊店,32 人,2025-09-27,top128_gbl_45618.csv,15
1,gbl,all,https://asia.pokemon-card.com/tw/event-search/45619/,2025-26 Taiwan Great Ball League Season 1,卡舖奇麒,50 人,2025-09-27,top128_gbl_45619.csv,16
1,gbl,all,https://asia.pokemon-card.com/tw/event-search/45620/,2025-26 Taiwan Great Ball League Season 1,Fun學桌遊教室,32 人,2025-09-27,top128_gbl_45620.csv,16
1,gbl,all,https://asia.pokemon-card.com/tw/event-search/45621/,2025-26 Taiwan Great Ball League Season 1,諾亞方舟 - 彰化魔豆店,64 人,2025-09-27,top128_gbl_45621.csv,16
1,gbl,all,https://asia.pokemon-card.com/tw/event-search/45622/,2025-26 Taiwan Great Ball League Season 1,Bruce桌遊空間-嫩江店,64 人,2025-09-27,top128_gbl_45622.csv,16
1,gbl,all,https://asia.pokemon-card.com/tw/event-search/45623/,2025-26 Taiwan Great Ball League Season 1,周周GO玩具 森林1店,32 人,2025-09-28,top128_gbl_45623.csv,16
1,gbl,all,https://asia.pokemon-card.com/tw/event-search/45624/,2025-26 Taiwan Great Ball League Season 1,巨魔派對,32 人,2025-09-28,top128_gbl_45624.csv,16
1,gbl,all,https://asia.pokemon-card.com/tw/event-search/45625/,2025-26 Taiwan Great Ball League Season 1,躲貓貓桌遊店,40 人,2025-09-28,top128_gbl_45625.csv,16
1,gbl,all,https://asia.pokemon-card.com/tw/event-search/45626/,2025-26 Taiwan Great Ball League Season 1,鬥陣,32 人,2025-09-28,top128_gbl_45626.csv,16
1,gbl,all,https://asia.pokemon-card.com/tw/event-search/45627/,2025-26 Taiwan Great Ball League Season 1,雙子星高雄鹽埕店,32 人,2025-09-28,top128_gbl_45627.csv,16
1,gbl,all,https://asia.pokemon-card.com/tw/event-search/45628/,2025-26 Taiwan Great Ball League Season 1,桌遊帝國咖啡廳,32 人,2025-09-28,top128_gbl_45628.csv,16
1,gbl,all,https://asia.pokemon-card.com/tw/event-search/45629/,2025-26 Taiwan Great Ball League Season 1,元氣滿屋,32 人,2025-09-29,top128_gbl_45629.csv,16
1,gbl,all,https://asia.pokemon-card.com/tw/event-search/45630/,2025-26 Taiwan Great Ball League Season 1,孩子玩伴-關埔店,32 人,2025-09-29,top128_gbl_45630.csv,16
1,gbl,all,https://asia.pokemon-card.com/tw/event-search/45631/,2025-26 Taiwan Great Ball League Season 1,喬桌遊林森店,64 人,2025-09-29,top128_gbl_45631.csv,16
1,gbl,all,https://asia.pokemon-card.com/tw/event-search/45632/,2025-26 Taiwan Great Ball League Season 1,一新書局,32 人,2025-09-29,top128_gbl_45632.csv,16
1,gbl,all,https://asia.pokemon-card.com/tw/event-search/45634/,2025-26 Taiwan Great Ball League Season 1,卡之洞,54 人,2025-10-04,top128_gbl_45634.csv,16
1,gbl,all,https://asia.pokemon-card.com/tw/event-search/45635/,2025-26 Taiwan Great Ball League Season 1,南瓜鎮,32 人,2025-10-04,top128_gbl_45635.csv,16
1,gbl,all,https://asia.pokemon-card.com/tw/event-search/45636/,2025-26 Taiwan Great Ball League Season 1,諾亞方舟益智遊戲-豐原店,32 人,2025-10-04,top128_gbl_45636.csv,16
1,gbl,all,https://asia.pokemon-card.com/tw/event-search/45637/,2025-26 Taiwan Great Ball League Season 1,宮治卡牌遊戲專門店,32 人,2025-10-04,top128_gbl_45637.csv,16
1,gbl,all,https://asia.pokemon-card.com/tw/event-search/45638/,2025-26 Taiwan Great Ball League Season 1,Bruce桌遊空間-三多店,80 人,2025-10-04,top128_gbl_45638.csv,32
1,gbl,all,https://asia.pokemon-card.com/tw/event-search/45639/,2025-26 Taiwan Great Ball League Season 1,前衛者玩具店,32 人,2025-10-04,top128_gbl_45639.csv,16
1,gbl,all,https://asia.pokemon-card.com/tw/event-search/45640/,2025-26 Taiwan Great Ball League Season 1,ALG-Academy Legacy Games,80 人,2025-10-10,top128_gbl_45640.csv,32
1,gbl,all,https://asia.pokemon-card.com/tw/event-search/45641/,2025-26 Taiwan Great Ball League Season 1,貓腳印新莊店,64 人,2025-10-10,top128_gbl_45641.csv,16
1,gbl,all,https://asia.pokemon-card.com/tw/event-search/45642/,2025-26 Taiwan Great Ball League Season 1,踢桌子,72 人,2025-10-10,top128_gbl_45642.csv,32
1,gbl,all,https://asia.pokemon-card.com/tw/event-search/45643/,2025-26 Taiwan Great Ball League Season 1,貓腳印-苗栗店,66 人,2025-10-10,top128_gbl_45643.csv,32
1,gbl,all,https://asia.pokemon-card.com/tw/event-search/45644/,2025-26 Taiwan Great Ball League Season 1,卡多卡牌遊戲店,32 人,2025-10-10,top128_gbl_45644.csv,16
1,gbl,all,https://asia.pokemon-card.com/tw/event-search/45645/,2025-26 Taiwan Great Ball League Season 1,台南卡通遊戲店,32 人,2025-10-10,top128_gbl_45645.csv,16
1,gbl,all,https://asia.pokemon-card.com/tw/event-search/45646/,2025-26 Taiwan Great Ball League Season 1,SAGA TCG店,32 人,2025-10-11,top128_gbl_45646.csv,16
1,gbl,all,https://asia.pokemon-card.com/tw/event-search/45647/,2025-26 Taiwan Great Ball League Season 1,茶咖,40 人,2025-10-11,top128_gbl_45647.csv,16
1,gbl,all,https://asia.pokemon-card.com/tw/event-search/45648/,2025-26 Taiwan Great Ball League Season 1,瘋桌遊益智遊戲專賣店 大安店,64 人,2025-10-11,top128_gbl_45648.csv,16
1,gbl,all,https://asia.pokemon-card.com/tw/event-search/45649/,2025-26 Taiwan Great Ball League Season 1,台中明志玩具,32 人,2025-10-11,top128_gbl_45649.csv,16
1,gbl,all,https://asia.pokemon-card.com/tw/event-search/45650/,2025-26 Taiwan Great Ball League Season 1,瘋桌遊-益智遊戲專賣店(高雄楠梓店),48 人,2025-10-11,top128_gbl_45650.csv,16
1,gbl,all,https://asia.pokemon-card.com/tw/event-search/45651/,2025-26 Taiwan Great Ball League Season 1,卡片特快車桌遊工作室,68 人,2025-10-11,top128_gbl_45651.csv,16
1,gbl,all,https://asia.pokemon-card.com/tw/event-search/45652/,2025-26 Taiwan Great Ball League Season 1,拉比卡牌,64 人,2025-10-12,top128_gbl_45652.csv,16
1,gbl,all,https://asia.pokemon-card.com/tw/event-search/45653/,2025-26 Taiwan Great Ball League Season 1,Magic Star卡牌店,66 人,2025-10-12,top128_gbl_45653.csv,32
1,gbl,all,https://asia.pokemon-card.com/tw/event-search/45654/,2025-26 Taiwan Great Ball League Season 1,Card-Ple卡片人,32 人,2025-10-12,top128_gbl_45654.csv,16
1,gbl,all,https://asia.pokemon-card.com/tw/event-search/45655/,2025-26 Taiwan Great Ball League Season 1,兩個世界TwoWorld桌遊館,32 人,2025-10-12,top128_gbl_45655.csv,16
1,gbl,all,https://asia.pokemon-card.com/tw/event-search/45656/,2025-26 Taiwan Great Ball League Season 1,卡殿,32 人,2025-10-12,top128_gbl_45656.csv,16
1,gbl,all,https://asia.pokemon-card.com/tw/event-search/45657/,2025-26 Taiwan Great Ball League Season 1,Bruce桌遊空間 福華飯店,80 人,2025-10-12,top128_gbl_45657.csv,32
1,gbl,all,https://asia.pokemon-card.com/tw/event-search/45658/,2025-26 Taiwan Great Ball League Season 1,卡庫桌遊店,32 人,2025-10-12,top128_gbl_45658.csv,16
1,gbl,all,https://asia.pokemon-card.com/tw/event-search/45985/,2025-26 Taiwan Great Ball League Season 1,兔妞桌遊,72 人,2025-10-26,top128_gbl_45985.csv,32
1,gbl,all,https://asia.pokemon-card.com/tw/event-search/46013/,2025-26 Taiwan Great Ball League Season 1,貓腳印 桃園店,72 人,2025-11-09,top128_gbl_46013.csv,32
1,gbl,all,https://asia.pokemon-card.com/tw/event-search/46014/,2025-26 Taiwan Great Ball League Season 1,漢謚玩具社,128 人,2025-10-18,top128_gbl_46014.csv,32
1,gbl,all,https://asia.pokemon-card.com/tw/event-search/46015/,2025-26 Taiwan Great Ball League Season 1,幽靈屋,40 人,2025-11-02,top128_gbl_46015.csv,16
1,gbl,all,https://asia.pokemon-card.com/tw/event-search/46016/,2025-26 Taiwan Great Ball League Season 1,松鼠窩桌遊館,70 人,2025-11-08,top128_gbl_46016.csv,32
1,gbl,all,https://asia.pokemon-card.com/tw/event-search/46017/,2025-26 Taiwan Great Ball League Season 1,Card Master,128 人,2025-10-18,top128_gbl_46017.csv,30
1,gbl,all,https://asia.pokemon-card.com/tw/event-search/46018/,2025-26 Taiwan Great Ball League Season 1,一刻館卡片遊戲專賣店,66 人,2025-10-24,top128_gbl_46018.csv,32
1,gbl,all,https://asia.pokemon-card.com/tw/event-search/46019/,2025-26 Taiwan Great Ball League Season 1,B ONE桌遊,70 人,2025-10-26,top128_gbl_46019.csv,32
1,gbl,all,https://asia.pokemon-card.com/tw/event-search/46020/,2025-26 Taiwan Great Ball League Season 1,松梅桌遊,70 人,2025-10-25,top128_gbl_46020.csv,32
1,gbl,all,https://asia.pokemon-card.com/tw/event-search/46031/,2025-26 Taiwan Great Ball League Season 1,貓腳印-彰化店,64 人,2025-10-19,top128_gbl_46031.csv,16
1,gbl,all,https://asia.pokemon-card.com/tw/event-search/46033/,2025-26 Taiwan Great Ball League Season 1,貓腳印松江店,96 人,2025-10-19,top128_gbl_46033.csv,32
1,gbl,all,https://asia.pokemon-card.com/tw/event-search/46034/,2025-26 Taiwan Great Ball League Season 1,桌覓桌遊,66 人,2025-11-02,top128_gbl_46034.csv,16
1,gbl,all,https://asia.pokemon-card.com/tw/event-search/46097/,2025-26 Taiwan Great Ball League Season 1,嗷嗚桌遊百貨,70 人,2025-11-09,top128_gbl_46097.csv,16
1,gbl,all,https://asia.pokemon-card.com/tw/event-search/46107/,2025-26 Taiwan Great Ball League Season 1,玩坊 桌遊店,70 人,2025-11-02,top128_gbl_46107.csv,16
1,gbl,all,https://asia.pokemon-card.com/tw/event-search/46118/,2025-26 Taiwan Great Ball League Season 1,鬥樂一中店,120 人,2025-10-18,top128_gbl_46118.csv,32
1,gbl,all,https://asia.pokemon-card.com/tw/event-search/46119/,2025-26 Taiwan Great Ball League Season 1,卡多卡牌遊戲店,32 人,2025-11-01,top128_gbl_46119.csv,16
1,gbl,all,https://asia.pokemon-card.com/tw/event-search/46141/,2025-26 Taiwan Great Ball League Season 1,貓腳印淡水店,68 人,2025-11-09,top128_gbl_46141.csv,32
1,gbl,all,https://asia.pokemon-card.com/tw/event-search/46142/,2025-26 Taiwan Great Ball League Season 1,PANZO玩具,32 人,2025-11-08,top128_gbl_46142.csv,16
1,gbl,all,https://asia.pokemon-card.com/tw/event-search/46143/,2025-26 Taiwan Great Ball League Season 1,奇幻桌遊複合式餐廳,66 人,2025-10-26,top128_gbl_46143.csv,32
1,gbl,all,https://asia.pokemon-card.com/tw/event-search/46144/,2025-26 Taiwan Great Ball League Season 1,新世紀遊戲館,70 人,2025-11-09,top128_gbl_46144.csv,32
1,gbl,all,https://asia.pokemon-card.com/tw/event-search/46159/,2025-26 Taiwan Great Ball League Season 1,貓腳印豐原店,80 人,2025-11-02,,0
1,gbl,all,https://asia.pokemon-card.com/tw/event-search/46160/,2025-26 Taiwan Great Ball League Season 1,卡舖啦啦,72 人,2025-10-26,top128_gbl_46160.csv,32
1,gbl,all,https://asia.pokemon-card.com/tw/event-search/46172/,2025-26 Taiwan Great Ball League Season 1,磚櫃玩具店(台北店),66 人,2025-10-25,top128_gbl_46172.csv,32
1,gbl,all,https://asia.pokemon-card.com/tw/event-search/46251/,2025-26 Taiwan Great Ball League Season 1,貓腳印士林店,96 人,2025-10-25,top128_gbl_46251.csv,32
1,gbl,all,https://asia.pokemon-card.com/tw/event-search/46272/,2025-26 Taiwan Great Ball League Season 1,Ririco - 集換式卡牌專賣,66 人,2025-11-08,top128_gbl_46272.csv,32
1,gbl,all,https://asia.pokemon-card.com/tw/event-search/46273/,2025-26 Taiwan Great Ball League Season 1,小蝦米玩具,68 人,2025-11-01,top128_gbl_46273.csv,16
1,gbl,all,https://asia.pokemon-card.com/tw/event-search/46274/,2025-26 Taiwan Great Ball League Season 1,諾亞方舟益智遊戲,90 人,2025-10-19,top128_gbl_46274.csv,16
1,gbl,all,https://asia.pokemon-card.com/tw/event-search/46275/,2025-26 Taiwan Great Ball League Season 1,Play Lab Game 休閒館 台南,52 人,2025-11-02,top128_gbl_46275.csv,16
1,gbl,all,https://asia.pokemon-card.com/tw/event-search/46276/,2025-26 Taiwan Great Ball League Season 1,卡片特快車桌遊工作室,68 人,2025-10-24,top128_gbl_46276.csv,16
1,gbl,all,https://asia.pokemon-card.com/tw/event-search/46277/,2025-26 Taiwan Great Ball League Season 1,紙牌屋,80 人,2025-10-25,top128_gbl_46277.csv,32
1,gbl,all,https://asia.pokemon-card.com/tw/event-search/46278/,2025-26 Taiwan Great Ball League Season 1,塔普卡桌遊卡牌,76 人,2025-11-08,top128_gbl_46278.csv,32
2,gbl,all,https://asia.pokemon-card.com/tw/event-search/48113/,2025-26 Taiwan Great Ball League Season 2,周周GO玩具 森林1店,32 人,2025-11-15,top128_gbl_48113.csv,16
2,gbl,all,https://asia.pokemon-card.com/tw/event-search/48114/,2025-26 Taiwan Great Ball League Season 2,孩子玩伴-關埔店,32 人,2025-11-15,top128_gbl_48114.csv,16
2,gbl,all,https://asia.pokemon-card.com/tw/event-search/48115/,2025-26 Taiwan Great Ball League Season 2,森桌遊,32 人,2025-11-15,top128_gbl_48115.csv,16
2,gbl,all,https://asia.pokemon-card.com/tw/event-search/48116/,2025-26 Taiwan Great Ball League Season 2,貓腳印-宜蘭店,32 人,2025-11-15,top128_gbl_48116.csv,16
2,gbl,all,https://asia.pokemon-card.com/tw/event-search/48117/,2025-26 Taiwan Great Ball League Season 2,上等遊戲-玩的門市 雲林,72 人,2025-11-15,,0
2,gbl,all,https://asia.pokemon-card.com/tw/event-search/48118/,2025-26 Taiwan Great Ball League Season 2,享玩桌遊,66 人,2025-11-15,top128_gbl_48118.csv,16
2,gbl,all,https://asia.pokemon-card.com/tw/event-search/48119/,2025-26 Taiwan Great Ball League Season 2,藍色的貓,32 人,2025-11-15,top128_gbl_48119.csv,16
2,gbl,all,https://asia.pokemon-card.com/tw/event-search/48120/,2025-26 Taiwan Great Ball League Season 2,Bruce桌遊空間-嫩江店,70 人,2025-11-15,top128_gbl_48120.csv,32
2,gbl,all,https://asia.pokemon-card.com/tw/event-search/48121/,2025-26 Taiwan Great Ball League Season 2,一新書局,32 人,2025-11-16,top128_gbl_48121.csv,16
2,gbl,all,https://asia.pokemon-card.com/tw/event-search/48122/,2025-26 Taiwan Great Ball League Season 2,卡庫桌遊店,36 人,2025-11-16,top128_gbl_48122.csv,16
2,gbl,all,https://asia.pokemon-card.com/tw/event-search/48123/,2025-26 Taiwan Great Ball League Season 2,桌遊帝國咖啡廳,34 人,2025-11-16,top128_gbl_48123.csv,16
2,gbl,all,https://asia.pokemon-card.com/tw/event-search/48124/,2025-26 Taiwan Great Ball League Season 2,玖零玩具,32 人,2025-11-16,top128_gbl_48124.csv,16
2,gbl,all,https://asia.pokemon-card.com/tw/event-search/48125/,2025-26 Taiwan Great Ball League Season 2,漫果子大直站,32 人,2025-11-16,top128_gbl_48125.csv,16
2,gbl,all,https://asia.pokemon-card.com/tw/event-search/48126/,2025-26 Taiwan Great Ball League Season 2,奇幻桌遊複合式餐廳,72 人,2025-11-16,top128_gbl_48126.csv,32
2,gbl,all,https://asia.pokemon-card.com/tw/event-search/48127/,2025-26 Taiwan Great Ball League Season 2,南瓜鎮,32 人,2025-11-22,top128_gbl_48127.csv,16
2,gbl,all,https://asia.pokemon-card.com/tw/event-search/48128/,2025-26 Taiwan Great Ball League Season 2,卡賣啦遊戲卡 專賣店,64 人,2025-11-22,top128_gbl_48128.csv,16
2,gbl,all,https://asia.pokemon-card.com/tw/event-search/48129/,2025-26 Taiwan Great Ball League Season 2,暖角落 卡牌遊戲專賣店,68 人,2025-11-22,top128_gbl_48129.csv,32
2,gbl,all,https://asia.pokemon-card.com/tw/event-search/48130/,2025-26 Taiwan Great Ball League Season 2,台中明志玩具,36 人,2025-11-22,top128_gbl_48130.csv,16
2,gbl,all,https://asia.pokemon-card.com/tw/event-search/48132/,2025-26 Taiwan Great Ball League Season 2,瘋桌遊-益智遊戲專賣店(高雄楠梓店),48 人,2025-11-22,top128_gbl_48132.csv,16
2,gbl,all,https://asia.pokemon-card.com/tw/event-search/48134/,2025-26 Taiwan Great Ball League Season 2,鬥陣,64 人,2025-11-23,top128_gbl_48134.csv,16
2,gbl,all,https://asia.pokemon-card.com/tw/event-search/48135/,2025-26 Taiwan Great Ball League Season 2,Magic Star卡牌店,66 人,2025-11-23,top128_gbl_48135.csv,32
2,gbl,all,https://asia.pokemon-card.com/tw/event-search/48136/,2025-26 Taiwan Great Ball League Season 2,桌遊秘境 林口長庚店,32 人,2025-11-23,top128_gbl_48136.csv,16
2,gbl,all,https://asia.pokemon-card.com/tw/event-search/48137/,2025-26 Taiwan Great Ball League Season 2,雙子星高雄鹽埕店,32 人,2025-11-23,top128_gbl_48137.csv,16
2,gbl,all,https://asia.pokemon-card.com/tw/event-search/48138/,2025-26 Taiwan Great Ball League Season 2,奧特狐桌遊店,32 人,2025-11-23,top128_gbl_48138.csv,16
2,gbl,all,https://asia.pokemon-card.com/tw/event-search/48202/,2025-26 Taiwan Great Ball League Season 2,兩個世界TwoWorld桌遊館,40 人,2025-11-30,top128_gbl_48202.csv,16
2,gbl,all,https://asia.pokemon-card.com/tw/event-search/48203/,2025-26 Taiwan Great Ball League Season 2,逛逛紙牌社,64 人,2025-11-30,top128_gbl_48203.csv,16
2,gbl,all,https://asia.pokemon-card.com/tw/event-search/48204/,2025-26 Taiwan Great Ball League Season 2,Card-Ple卡片人,32 人,2025-11-30,top128_gbl_48204.csv,16
2,gbl,all,https://asia.pokemon-card.com/tw/event-search/48205/,2025-26 Taiwan Great Ball League Season 2,ALG-Academy Legacy Games,80 人,2025-11-30,top128_gbl_48205.csv,16
2,gbl,all,https://asia.pokemon-card.com/tw/event-search/48206/,2025-26 Taiwan Great Ball League Season 2,Bruce桌遊空間 福華飯店,80 人,2025-11-30,top128_gbl_48206.csv,32
2,gbl,all,https://asia.pokemon-card.com/tw/event-search/48207/,2025-26 Taiwan Great Ball League Season 2,瘋桌遊益智遊戲專賣店 大安店,64 人,2025-11-30,top128_gbl_48207.csv,16
2,gbl,all,https://asia.pokemon-card.com/tw/event-search/48208/,2025-26 Taiwan Great Ball League Season 2,明日卡牌遊戲桌遊店,32 人,2025-12-06,top128_gbl_48208.csv,16
2,gbl,all,https://asia.pokemon-card.com/tw/event-search/48209/,2025-26 Taiwan Great Ball League Season 2,元氣滿屋,32 人,2025-12-06,top128_gbl_48209.csv,16
2,gbl,all,https://asia.pokemon-card.com/tw/event-search/48210/,2025-26 Taiwan Great Ball League Season 2,模羊玩具店,42 人,2025-12-06,top128_gbl_48210.csv,16
2,gbl,all,https://asia.pokemon-card.com/tw/event-search/48211/,2025-26 Taiwan Great Ball League Season 2,卡舖奇麒,50 人,2025-12-06,top128_gbl_48211.csv,16
2,gbl,all,https://asia.pokemon-card.com/tw/event-search/48216/,2025-26 Taiwan Great Ball League Season 2,SAGA TCG店,32 人,2025-12-06,top128_gbl_48216.csv,16
2,gbl,all,https://asia.pokemon-card.com/tw/event-search/48221/,2025-26 Taiwan Great Ball League Season 2,Fun學桌遊教室,32 人,2025-12-06,top128_gbl_48221.csv,16
2,gbl,all,https://asia.pokemon-card.com/tw/event-search/48222/,2025-26 Taiwan Great Ball League Season 2,諾亞方舟 - 彰化魔豆店,68 人,2025-12-06,top128_gbl_48222.csv,16
2,gbl,all,https://asia.pokemon-card.com/tw/event-search/48223/,2025-26 Taiwan Great Ball League Season 2,兔屋咖啡坊,48 人,2025-12-06,top128_gbl_48223.csv,16
2,gbl,all,https://asia.pokemon-card.com/tw/event-search/48224/,2025-26 Taiwan Great Ball League Season 2,貓腳印-苗栗店,66 人,2025-12-07,top128_gbl_48224.csv,32
2,gbl,all,https://asia.pokemon-card.com/tw/event-search/48234/,2025-26 Taiwan Great Ball League Season 2,宮治卡牌遊戲專門店,72 人,2025-12-07,top128_gbl_48234.csv,32
2,gbl,all,https://asia.pokemon-card.com/tw/event-search/48246/,2025-26 Taiwan Great Ball League Season 2,躲貓貓桌遊店,40 人,2025-12-07,top128_gbl_48246.csv,16
2,gbl,all,https://asia.pokemon-card.com/tw/event-search/48247/,2025-26 Taiwan Great Ball League Season 2,喬桌遊林森店,64 人,2025-12-07,top128_gbl_48247.csv,16
2,gbl,all,https://asia.pokemon-card.com/tw/event-search/48248/,2025-26 Taiwan Great Ball League Season 2,兔格樂 桌上休閒館,32 人,2025-12-07,,0
2,gbl,all,https://asia.pokemon-card.com/tw/event-search/48249/,2025-26 Taiwan Great Ball League Season 2,茶咖,40 人,2025-12-07,top128_gbl_48249.csv,16
2,gbl,all,https://asia.pokemon-card.com/tw/event-search/48250/,2025-26 Taiwan Great Ball League Season 2,Bruce桌遊空間-三多店,80 人,2025-11-22,top128_gbl_48250.csv,32
2,gbl,all,https://asia.pokemon-card.com/tw/event-search/48251/,2025-26 Taiwan Great Ball League Season 2,踢桌子,80 人,2025-11-23,top128_gbl_48251.csv,32
2,gbl,all,https://asia.pokemon-card.com/tw/event-search/49426/,2025-26 Taiwan Great Ball League Season 2,一刻館卡片遊戲專賣店,66 人,2025-12-14,top128_gbl_49426.csv,16
2,gbl,all,https://asia.pokemon-card.com/tw/event-search/49427/,2025-26 Taiwan Great Ball League Season 2,松梅桌遊,70 人,2026-01-03,top128_gbl_49427.csv,16
2,gbl,all,https://asia.pokemon-card.com/tw/event-search/49428/,2025-26 Taiwan Great Ball League Season 2,塔普卡桌遊卡牌,76 人,2025-12-20,top128_gbl_49428.csv,32
2,gbl,all,https://asia.pokemon-card.com/tw/event-search/49429/,2025-26 Taiwan Great Ball League Season 2,磚櫃玩具店(台北店),66 人,2025-12-13,top128_gbl_49429.csv,32
2,gbl,all,https://asia.pokemon-card.com/tw/event-search/49430/,2025-26 Taiwan Great Ball League Season 2,新世紀遊戲館,70 人,2025-12-21,top128_gbl_49430.csv,32
2,gbl,all,https://asia.pokemon-card.com/tw/event-search/49431/,2025-26 Taiwan Great Ball League Season 2,台南卡通遊戲店,32 人,2026-01-03,top128_gbl_49431.csv,16
2,gbl,all,https://asia.pokemon-card.com/tw/event-search/49432/,2025-26 Taiwan Great Ball League Season 2,貓腳印淡水店,68 人,2025-12-21,top128_gbl_49432.csv,16
2,gbl,all,https://asia.pokemon-card.com/tw/event-search/49436/,2025-26 Taiwan Great Ball League Season 2,貓腳印 桃園店,72 人,2025-12-28,top128_gbl_49436.csv,32
2,gbl,all,https://asia.pokemon-card.com/tw/event-search/49437/,2025-26 Taiwan Great Ball League Season 2,諾亞方舟益智遊戲,90 人,2025-12-14,top128_gbl_49437.csv,32
2,gbl,all,https://asia.pokemon-card.com/tw/event-search/49438/,2025-26 Taiwan Great Ball League Season 2,漢謚玩具社,160 人,2025-12-13,top128_gbl_49438.csv,32
2,gbl,all,https://asia.pokemon-card.com/tw/event-search/49439/,2025-26 Taiwan Great Ball League Season 2,貓腳印-彰化店,64 人,2025-12-14,top128_gbl_49439.csv,16
2,gbl,all,https://asia.pokemon-card.com/tw/event-search/49440/,2025-26 Taiwan Great Ball League Season 2,紙牌屋,80 人,2025-12-13,top128_gbl_49440.csv,32
2,gbl,all,https://asia.pokemon-card.com/tw/event-search/49441/,2025-26 Taiwan Great Ball League Season 2,兔妞桌遊,72 人,2026-01-04,top128_gbl_49441.csv,32
2,gbl,all,https://asia.pokemon-card.com/tw/event-search/49442/,2025-26 Taiwan Great Ball League Season 2,B ONE桌遊,70 人,2025-12-14,top128_gbl_49442.csv,32
2,gbl,all,https://asia.pokemon-card.com/tw/event-search/49468/,2025-26 Taiwan Great Ball League Season 2,玩坊 桌遊店,70 人,2025-12-20,top128_gbl_49468.csv,16
2,gbl,all,https://asia.pokemon-card.com/tw/event-search/49477/,2025-26 Taiwan Great Ball League Season 2,Ririco - 集換式卡牌專賣,70 人,2025-12-13,top128_gbl_49477.csv,16
2,gbl,all,https://asia.pokemon-card.com/tw/event-search/49498/,2025-26 Taiwan Great Ball League Season 2,貓腳印松江店,96 人,2025-12-14,top128_gbl_49498.csv,32
2,gbl,all,https://asia.pokemon-card.com/tw/event-search/49499/,2025-26 Taiwan Great Ball League Season 2,嗷嗚桌遊百貨,70 人,2025-12-21,,0
2,gbl,all,https://asia.pokemon-card.com/tw/event-search/49511/,2025-26 Taiwan Great Ball League Season 2,貓腳印士林店,96 人,2025-12-20,top128_gbl_49511.csv,32
2,gbl,all,https://asia.pokemon-card.com/tw/event-search/49518/,2025-26 Taiwan Great Ball League Season 2,卡片特快車桌遊工作室,68 人,2026-01-04,top128_gbl_49518.csv,16
2,gbl,all,https://asia.pokemon-card.com/tw/event-search/49541/,2025-26 Taiwan Great Ball League Season 2,貓腳印豐原店,80 人,2025-12-20,top128_gbl_49541.csv,16
2,gbl,all,https://asia.pokemon-card.com/tw/event-search/49542/,2025-26 Taiwan Great Ball League Season 2,幽靈屋,40 人,2026-01-04,top128_gbl_49542.csv,16
2,gbl,all,https://asia.pokemon-card.com/tw/event-search/49552/,2025-26 Taiwan Great Ball League Season 2,Card Master,136 人,2025-12-13,top128_gbl_49552.csv,64
2,gbl,all,https://asia.pokemon-card.com/tw/event-search/49553/,2025-26 Taiwan Great Ball League Season 2,桌覓桌遊,66 人,2025-12-28,top128_gbl_49553.csv,16
2,gbl,all,https://asia.pokemon-card.com/tw/event-search/49554/,2025-26 Taiwan Great Ball League Season 2,小蝦米玩具,68 人,2026-01-03,top128_gbl_49554.csv,32
2,gbl,all,https://asia.pokemon-card.com/tw/event-search/49566/,2025-26 Taiwan Great Ball League Season 2,PiggyLand豬豬玩具,32 人,2025-12-21,top128_gbl_49566.csv,8
2,gbl,all,https://asia.pokemon-card.com/tw/event-search/49583/,2025-26 Taiwan Great Ball League Season 2,Play Lab Game 休閒館 台南,52 人,2026-01-04,top128_gbl_49583.csv,16
2,gbl,all,https://asia.pokemon-card.com/tw/event-search/49603/,2025-26 Taiwan Great Ball League Season 2,松鼠窩桌遊館,70 人,2025-12-20,top128_gbl_49603.csv,32
2,gbl,all,https://asia.pokemon-card.com/tw/event-search/49604/,2025-26 Taiwan Great Ball League Season 2,卡舖啦啦,72 人,2025-12-21,top128_gbl_49604.csv,32
2,gbl,all,https://asia.pokemon-card.com/tw/event-search/50179/,2025-26 Taiwan Great Ball League Season 2,周周GO玩具 森林1店,32 人,2026-01-18,top128_gbl_50179.csv,16
2,gbl,all,https://asia.pokemon-card.com/tw/event-search/50180/,2025-26 Taiwan Great Ball League Season 2,躲貓貓桌遊店,40 人,2026-01-11,top128_gbl_50180.csv,8
2,gbl,all,https://asia.pokemon-card.com/tw/event-search/50181/,2025-26 Taiwan Great Ball League Season 2,享玩桌遊,66 人,2026-01-10,top128_gbl_50181.csv,32
2,gbl,all,https://asia.pokemon-card.com/tw/event-search/50182/,2025-26 Taiwan Great Ball League Season 2,桌遊秘境 林口長庚店,32 人,2026-01-18,top128_gbl_50182.csv,16
2,gbl,all,https://asia.pokemon-card.com/tw/event-search/50183/,2025-26 Taiwan Great Ball League Season 2,踢桌子,80 人,2026-01-18,top128_gbl_50183.csv,32
2,gbl,all,https://asia.pokemon-card.com/tw/event-search/50190/,2025-26 Taiwan Great Ball League Season 2,元氣滿屋,32 人,2026-01-11,top128_gbl_50190.csv,16
2,gbl,all,https://asia.pokemon-card.com/tw/event-search/50218/,2025-26 Taiwan Great Ball League Season 2,鬥樂一中店,120 人,2026-01-10,top128_gbl_50218.csv,32
2,gbl,all,https://asia.pokemon-card.com/tw/event-search/50225/,2025-26 Taiwan Great Ball League Season 2,Magic Star卡牌店,66 人,2026-01-11,top128_gbl_50225.csv,16
2,gbl,all,https://asia.pokemon-card.com/tw/event-search/50226/,2025-26 Taiwan Great Ball League Season 2,諾亞方舟 - 彰化魔豆店,66 人,2026-01-10,top128_gbl_50226.csv,16
2,gbl,all,https://asia.pokemon-card.com/tw/event-search/50227/,2025-26 Taiwan Great Ball League Season 2,Bruce桌遊空間-嫩江店,70 人,2026-01-10,top128_gbl_50227.csv,16
2,gbl,all,https://asia.pokemon-card.com/tw/event-search/50228/,2025-26 Taiwan Great Ball League Season 2,Bruce桌遊空間-三多店,80 人,2026-01-11,top128_gbl_50228.csv,16
2,gbl,all,https://asia.pokemon-card.com/tw/event-search/50229/,2025-26 Taiwan Great Ball League Season 2,一新書局,32 人,2026-01-25,top128_gbl_50229.csv,16
2,gbl,all,https://asia.pokemon-card.com/tw/event-search/50256/,2025-26 Taiwan Great Ball League Season 2,模羊玩具店,42 人,2026-01-24,top128_gbl_50256.csv,16
2,gbl,all,https://asia.pokemon-card.com/tw/event-search/50261/,2025-26 Taiwan Great Ball League Season 2,藍色的貓,32 人,2026-01-18,top128_gbl_50261.csv,16
2,gbl,all,https://asia.pokemon-card.com/tw/event-search/50276/,2025-26 Taiwan Great Ball League Season 2,Fun學桌遊教室,32 人,2026-01-24,top128_gbl_50276.csv,16
2,gbl,all,https://asia.pokemon-card.com/tw/event-search/50302/,2025-26 Taiwan Great Ball League Season 2,瘋桌遊-益智遊戲專賣店(高雄楠梓店),48 人,2026-01-24,top128_gbl_50302.csv,14
2,gbl,all,https://asia.pokemon-card.com/tw/event-search/50339/,2025-26 Taiwan Great Ball League Season 2,茶咖,40 人,2026-01-24,top128_gbl_50339.csv,16
2,gbl,all,https://asia.pokemon-card.com/tw/event-search/50407/,2025-26 Taiwan Great Ball League Season 2,台中明志玩具,36 人,2026-01-24,top128_gbl_50407.csv,16
2,gbl,all,https://asia.pokemon-card.com/tw/event-search/50408/,2025-26 Taiwan Great Ball League Season 2,森桌遊,32 人,2026-01-24,top128_gbl_50408.csv,16
2,gbl,all,https://asia.pokemon-card.com/tw/event-search/50409/,2025-26 Taiwan Great Ball League Season 2,鬥陣,64 人,2026-01-11,top128_gbl_50409.csv,16
2,gbl,all,https://asia.pokemon-card.com/tw/event-search/50464/,2025-26 Taiwan Great Ball League Season 2,瘋桌遊益智遊戲專賣店 大安店,64 人,2026-01-11,top128_gbl_50464.csv,16
2,gbl,all,https://asia.pokemon-card.com/tw/event-search/50469/,2025-26 Taiwan Great Ball League Season 2,宮治卡牌遊戲專門店,72 人,2026-01-10,top128_gbl_50469.csv,16
2,gbl,all,https://asia.pokemon-card.com/tw/event-search/50489/,2025-26 Taiwan Great Ball League Season 2,雙子星高雄鹽埕店,32 人,2026-01-18,top128_gbl_50489.csv,16
2,gbl,all,https://asia.pokemon-card.com/tw/event-search/50548/,2025-26 Taiwan Great Ball League Season 2,卡舖奇麒,50 人,2026-01-10,top128_gbl_50548.csv,16
2,gbl,all,https://asia.pokemon-card.com/tw/event-search/50591/,2025-26 Taiwan Great Ball League Season 2,兔格樂 桌上休閒館,32 人,2026-01-10,top128_gbl_50591.csv,16
2,gbl,all,https://asia.pokemon-card.com/tw/event-search/50596/,2025-26 Taiwan Great Ball League Season 2,Card-Ple卡片人,32 人,2026-01-25,top128_gbl_50596.csv,16
2,gbl,all,https://asia.pokemon-card.com/tw/event-search/50605/,2025-26 Taiwan Great Ball League Season 2,ALG-Academy Legacy Games,80 人,2026-01-18,top128_gbl_50605.csv,16
2,gbl,all,https://asia.pokemon-card.com/tw/event-search/50619/,2025-26 Taiwan Great Ball League Season 2,貓腳印-宜蘭店,32 人,2026-01-10,top128_gbl_50619.csv,16
2,gbl,all,https://asia.pokemon-card.com/tw/event-search/50624/,2025-26 Taiwan Great Ball League Season 2,卡多卡牌遊戲店,40 人,2026-01-24,top128_gbl_50624.csv,16
2,gbl,all,https://asia.pokemon-card.com/tw/event-search/50683/,2025-26 Taiwan Great Ball League Season 2,兩個世界TwoWorld桌遊館,40 人,2026-01-11,top128_gbl_50683.csv,16
2,gbl,all,https://asia.pokemon-card.com/tw/event-search/50946/,2025-26 Taiwan Great Ball League Season 2,奧特狐桌遊店,32 人,2026-01-18,top128_gbl_50946.csv,16
2,gbl,all,https://asia.pokemon-card.com/tw/event-search/50968/,2025-26 Taiwan Great Ball League Season 2,桌遊帝國咖啡廳,34 人,2026-01-11,top128_gbl_50968.csv,16
2,gbl,all,https://asia.pokemon-card.com/tw/event-search/51165/,2025-26 Taiwan Great Ball League Season 2,卡庫桌遊店,36 人,2026-01-11,top128_gbl_51165.csv,16
2,gbl,all,https://asia.pokemon-card.com/tw/event-search/51166/,2025-26 Taiwan Great Ball League Season 2,明日卡牌遊戲桌遊店,32 人,2026-01-10,top128_gbl_51166.csv,16
2,gbl,all,https://asia.pokemon-card.com/tw/event-search/51167/,2025-26 Taiwan Great Ball League Season 2,暖角落 卡牌遊戲專賣店,68 人,2026-01-10,top128_gbl_51167.csv,16
2,gbl,all,https://asia.pokemon-card.com/tw/event-search/51168/,2025-26 Taiwan Great Ball League Season 2,孩子玩伴-關埔店,32 人,2026-01-11,top128_gbl_51168.csv,16
2,gbl,all,https://asia.pokemon-card.com/tw/event-search/51169/,2025-26 Taiwan Great Ball League Season 2,玖零玩具,32 人,2026-01-11,top128_gbl_51169.csv,16
2,gbl,all,https://asia.pokemon-card.com/tw/event-search/51170/,2025-26 Taiwan Great Ball League Season 2,卡賣啦遊戲卡 專賣店,64 人,2026-01-24,,0
2,gbl,all,https://asia.pokemon-card.com/tw/event-search/51171/,2025-26 Taiwan Great Ball League Season 2,逛逛紙牌社,64 人,2026-01-24,top128_gbl_51171.csv,16
2,gbl,all,https://asia.pokemon-card.com/tw/event-search/51204/,2025-26 Taiwan Great Ball League Season 2,上等遊戲-玩的門市 雲林,72 人,2026-01-10,top128_gbl_51204.csv,16
3,gbl,all,https://asia.pokemon-card.com/tw/event-search/53072/,2025-26 Taiwan Great Ball League Season 3,貓腳印士林店,96 人,2026-01-31,top128_gbl_53072.csv,32
3,gbl,all,https://asia.pokemon-card.com/tw/event-search/53073/,2025-26 Taiwan Great Ball League Season 3,松鼠窩桌遊館,70 人,2026-01-31,top128_gbl_53073.csv,32
3,gbl,all,https://asia.pokemon-card.com/tw/event-search/53074/,2025-26 Taiwan Great Ball League Season 3,諾亞方舟益智遊戲,90 人,2026-01-31,top128_gbl_53074.csv,32
3,gbl,all,https://asia.pokemon-card.com/tw/event-search/53075/,2025-26 Taiwan Great Ball League Season 3,B ONE桌遊,70 人,2026-01-31,top128_gbl_53075.csv,16
3,gbl,all,https://asia.pokemon-card.com/tw/event-search/53076/,2025-26 Taiwan Great Ball League Season 3,松梅桌遊,70 人,2026-01-31,top128_gbl_53076.csv,16
3,gbl,all,https://asia.pokemon-card.com/tw/event-search/53077/,2025-26 Taiwan Great Ball League Season 3,貓腳印松江店,96 人,2026-02-01,top128_gbl_53077.csv,32
3,gbl,all,https://asia.pokemon-card.com/tw/event-search/53078/,2025-26 Taiwan Great Ball League Season 3,幽靈屋,40 人,2026-02-01,top128_gbl_53078.csv,16
3,gbl,all,https://asia.pokemon-card.com/tw/event-search/53079/,2025-26 Taiwan Great Ball League Season 3,桌覓桌遊,66 人,2026-02-01,top128_gbl_53079.csv,32
3,gbl,all,https://asia.pokemon-card.com/tw/event-search/53080/,2025-26 Taiwan Great Ball League Season 3,PANZO玩具,32 人,2026-02-07,top128_gbl_53080.csv,16
3,gbl,all,https://asia.pokemon-card.com/tw/event-search/53081/,2025-26 Taiwan Great Ball League Season 3,Card Master,136 人,2026-02-07,top128_gbl_53081.csv,64
3,gbl,all,https://asia.pokemon-card.com/tw/event-search/53082/,2025-26 Taiwan Great Ball League Season 3,貓腳印新莊店,64 人,2026-02-07,top128_gbl_53082.csv,16
3,gbl,all,https://asia.pokemon-card.com/tw/event-search/53083/,2025-26 Taiwan Great Ball League Season 3,Ririco - 集換式卡牌專賣,70 人,2026-02-07,top128_gbl_53083.csv,32
3,gbl,all,https://asia.pokemon-card.com/tw/event-search/53084/,2025-26 Taiwan Great Ball League Season 3,玩坊 桌遊店,70 人,2026-02-07,top128_gbl_53084.csv,16
3,gbl,all,https://asia.pokemon-card.com/tw/event-search/53085/,2025-26 Taiwan Great Ball League Season 3,紙牌屋,80 人,2026-02-07,top128_gbl_53085.csv,32
3,gbl,all,https://asia.pokemon-card.com/tw/event-search/53086/,2025-26 Taiwan Great Ball League Season 3,拉比卡牌,64 人,2026-02-08,,0
3,gbl,all,https://asia.pokemon-card.com/tw/event-search/53087/,2025-26 Taiwan Great Ball League Season 3,兔妞桌遊,72 人,2026-02-08,top128_gbl_53087.csv,16
3,gbl,all,https://asia.pokemon-card.com/tw/event-search/53088/,2025-26 Taiwan Great Ball League Season 3,新世紀遊戲館,70 人,2026-02-08,top128_gbl_53088.csv,32
3,gbl,all,https://asia.pokemon-card.com/tw/event-search/53089/,2025-26 Taiwan Great Ball League Season 3,貓腳印-苗栗店,66 人,2026-02-08,top128_gbl_53089.csv,16
3,gbl,all,https://asia.pokemon-card.com/tw/event-search/53090/,2025-26 Taiwan Great Ball League Season 3,貓腳印-彰化店,64 人,2026-02-08,top128_gbl_53090.csv,16
3,gbl,all,https://asia.pokemon-card.com/tw/event-search/53091/,2025-26 Taiwan Great Ball League Season 3,御三家桌遊共享空間,48 人,2026-02-14,top128_gbl_53091.csv,16
3,gbl,all,https://asia.pokemon-card.com/tw/event-search/53092/,2025-26 Taiwan Great Ball League Season 3,磚櫃玩具店(台北店),66 人,2026-02-14,top128_gbl_53092.csv,32
3,gbl,all,https://asia.pokemon-card.com/tw/event-search/53093/,2025-26 Taiwan Great Ball League Season 3,塔普卡桌遊卡牌,76 人,2026-02-14,top128_gbl_53093.csv,32
3,gbl,all,https://asia.pokemon-card.com/tw/event-search/53094/,2025-26 Taiwan Great Ball League Season 3,貓腳印豐原店,80 人,2026-02-14,top128_gbl_53094.csv,16
3,gbl,all,https://asia.pokemon-card.com/tw/event-search/53095/,2025-26 Taiwan Great Ball League Season 3,台南卡通遊戲店,32 人,2026-02-14,top128_gbl_53095.csv,16
3,gbl,all,https://asia.pokemon-card.com/tw/event-search/53096/,2025-26 Taiwan Great Ball League Season 3,漢謚玩具社,150 人,2026-02-14,top128_gbl_53096.csv,32
3,gbl,all,https://asia.pokemon-card.com/tw/event-search/53097/,2025-26 Taiwan Great Ball League Season 3,貓腳印淡水店,68 人,2026-02-15,top128_gbl_53097.csv,16
3,gbl,all,https://asia.pokemon-card.com/tw/event-search/53098/,2025-26 Taiwan Great Ball League Season 3,一刻館卡片遊戲專賣店,66 人,2026-02-15,top128_gbl_53098.csv,32
3,gbl,all,https://asia.pokemon-card.com/tw/event-search/53099/,2025-26 Taiwan Great Ball League Season 3,嗷嗚桌遊百貨,94 人,2026-02-15,top128_gbl_53099.csv,32
3,gbl,all,https://asia.pokemon-card.com/tw/event-search/53100/,2025-26 Taiwan Great Ball League Season 3,華泰玩具店-花蓮店,32 人,2026-02-21,top128_gbl_53100.csv,16
3,gbl,all,https://asia.pokemon-card.com/tw/event-search/53101/,2025-26 Taiwan Great Ball League Season 3,小蝦米玩具,68 人,2026-02-21,top128_gbl_53101.csv,32
3,gbl,all,https://asia.pokemon-card.com/tw/event-search/53102/,2025-26 Taiwan Great Ball League Season 3,Bruce桌遊空間 福華飯店,80 人,2026-02-21,top128_gbl_53102.csv,32
3,gbl,all,https://asia.pokemon-card.com/tw/event-search/53103/,2025-26 Taiwan Great Ball League Season 3,漫果子大直站,64 人,2026-02-22,top128_gbl_53103.csv,16
3,gbl,all,https://asia.pokemon-card.com/tw/event-search/53104/,2025-26 Taiwan Great Ball League Season 3,貓腳印 桃園店,72 人,2026-02-22,top128_gbl_53104.csv,16
3,gbl,all,https://asia.pokemon-card.com/tw/event-search/53105/,2025-26 Taiwan Great Ball League Season 3,楊梅-說書人桌遊舖,32 人,2026-02-22,,0
3,gbl,all,https://asia.pokemon-card.com/tw/event-search/53107/,2025-26 Taiwan Great Ball League Season 3,貓腳印高雄巨蛋店,72 人,2026-02-22,top128_gbl_53107.csv,32
3,gbl,all,https://asia.pokemon-card.com/tw/event-search/53108/,2025-26 Taiwan Great Ball League Season 3,南瓜鎮,32 人,2026-02-28,top128_gbl_53108.csv,16
3,gbl,all,https://asia.pokemon-card.com/tw/event-search/53109/,2025-26 Taiwan Great Ball League Season 3,奇幻桌遊複合式餐廳,72 人,2026-03-01,top128_gbl_53109.csv,32
3,gbl,all,https://asia.pokemon-card.com/tw/event-search/53110/,2025-26 Taiwan Great Ball League Season 3,卡舖啦啦,72 人,2026-03-01,top128_gbl_53110.csv,32
3,gbl,all,https://asia.pokemon-card.com/tw/event-search/53111/,2025-26 Taiwan Great Ball League Season 3,Play Lab Game 休閒館 台南,52 人,2026-03-01,top128_gbl_53111.csv,52
3,gbl,all,https://asia.pokemon-card.com/tw/event-search/53112/,2025-26 Taiwan Great Ball League Season 3,喬桌遊林森店,64 人,2026-03-01,top128_gbl_53112.csv,16
3,gbl,all,https://asia.pokemon-card.com/tw/event-search/53113/,2025-26 Taiwan Great Ball League Season 3,卡片特快車桌遊工作室,52 人,2026-03-01,top128_gbl_53113.csv,16
3,gbl,all,https://asia.pokemon-card.com/tw/event-search/53129/,2025-26 Taiwan Great Ball League Season 3,兔屋咖啡坊,54 人,2026-02-21,top128_gbl_53129.csv,16
1,gbl,all,https://asia.pokemon-card.com/tw/event-search/53495/,2025-26 Taiwan Great Ball League Season 1,暖角落 卡牌遊戲專賣店,64 人,2025-10-04,top128_gbl_53495.csv,16
3,gbl,all,https://asia.pokemon-card.com/tw/event-search/54269/,2025-26 Taiwan Great Ball League Season 3,周周GO玩具 森林1店,32 人,2026-03-28,top128_gbl_54269.csv,16
3,gbl,all,https://asia.pokemon-card.com/tw/event-search/54270/,2025-26 Taiwan Great Ball League Season 3,茶咖,40 人,2026-03-07,top128_gbl_54270.csv,16
3,gbl,all,https://asia.pokemon-card.com/tw/event-search/54271/,2025-26 Taiwan Great Ball League Season 3,桌遊秘境 林口長庚店,36 人,2026-03-29,,0
3,gbl,all,https://asia.pokemon-card.com/tw/event-search/54275/,2025-26 Taiwan Great Ball League Season 3,諾亞方舟 - 彰化魔豆店,68 人,2026-03-07,top128_gbl_54275.csv,32
3,gbl,all,https://asia.pokemon-card.com/tw/event-search/54276/,2025-26 Taiwan Great Ball League Season 3,瘋桌遊益智遊戲專賣店 大安店,66 人,2026-03-29,top128_gbl_54276.csv,32
3,gbl,all,https://asia.pokemon-card.com/tw/event-search/54281/,2025-26 Taiwan Great Ball League Season 3,Magic Star卡牌店,66 人,2026-03-15,top128_gbl_54281.csv,32
3,gbl,all,https://asia.pokemon-card.com/tw/event-search/54282/,2025-26 Taiwan Great Ball League Season 3,孩子玩伴-關埔店,32 人,2026-03-28,,0
3,gbl,all,https://asia.pokemon-card.com/tw/event-search/54291/,2025-26 Taiwan Great Ball League Season 3,ALG-Academy Legacy Games,80 人,2026-03-21,top128_gbl_54291.csv,32
3,gbl,all,https://asia.pokemon-card.com/tw/event-search/54292/,2025-26 Taiwan Great Ball League Season 3,元氣滿屋,32 人,2026-03-07,top128_gbl_54292.csv,16
3,gbl,all,https://asia.pokemon-card.com/tw/event-search/54293/,2025-26 Taiwan Great Ball League Season 3,踢桌子,84 人,2026-03-08,top128_gbl_54293.csv,32
3,gbl,all,https://asia.pokemon-card.com/tw/event-search/54297/,2025-26 Taiwan Great Ball League Season 3,藍色的貓,36 人,2026-03-15,top128_gbl_54297.csv,16
3,gbl,all,https://asia.pokemon-card.com/tw/event-search/54298/,2025-26 Taiwan Great Ball League Season 3,玖零玩具,32 人,2026-03-15,,0
3,gbl,all,https://asia.pokemon-card.com/tw/event-search/54299/,2025-26 Taiwan Great Ball League Season 3,卡多卡牌遊戲店,40 人,2026-03-21,top128_gbl_54299.csv,16
3,gbl,all,https://asia.pokemon-card.com/tw/event-search/54300/,2025-26 Taiwan Great Ball League Season 3,CardKame 卡卡咩,32 人,2026-03-22,top128_gbl_54300.csv,16
3,gbl,all,https://asia.pokemon-card.com/tw/event-search/54301/,2025-26 Taiwan Great Ball League Season 3,模羊玩具店,42 人,2026-03-21,top128_gbl_54301.csv,16
3,gbl,all,https://asia.pokemon-card.com/tw/event-search/54303/,2025-26 Taiwan Great Ball League Season 3,宮治卡牌遊戲專門店,68 人,2026-03-15,top128_gbl_54303.csv,32
3,gbl,all,https://asia.pokemon-card.com/tw/event-search/54304/,2025-26 Taiwan Great Ball League Season 3,享玩桌遊,50 人,2026-03-08,top128_gbl_54304.csv,16
3,gbl,all,https://asia.pokemon-card.com/tw/event-search/54305/,2025-26 Taiwan Great Ball League Season 3,Fun學桌遊教室,32 人,2026-03-28,top128_gbl_54305.csv,16
3,gbl,all,https://asia.pokemon-card.com/tw/event-search/54306/,2025-26 Taiwan Great Ball League Season 3,一新書局,50 人,2026-03-29,top128_gbl_54306.csv,16
3,gbl,all,https://asia.pokemon-card.com/tw/event-search/54318/,2025-26 Taiwan Great Ball League Season 3,森桌遊,32 人,2026-03-21,top128_gbl_54318.csv,16
3,gbl,all,https://asia.pokemon-card.com/tw/event-search/54323/,2025-26 Taiwan Great Ball League Season 3,瘋桌遊-益智遊戲專賣店(高雄楠梓店),70 人,2026-03-07,top128_gbl_54323.csv,15
3,gbl,all,https://asia.pokemon-card.com/tw/event-search/54332/,2025-26 Taiwan Great Ball League Season 3,Card-Ple卡片人,32 人,2026-03-29,top128_gbl_54332.csv,16
3,gbl,all,https://asia.pokemon-card.com/tw/event-search/54341/,2025-26 Taiwan Great Ball League Season 3,卡舖奇麒,50 人,2026-03-07,top128_gbl_54341.csv,32
3,gbl,all,https://asia.pokemon-card.com/tw/event-search/54342/,2025-26 Taiwan Great Ball League Season 3,Bruce桌遊空間-嫩江店,70 人,2026-03-07,top128_gbl_54342.csv,16
3,gbl,all,https://asia.pokemon-card.com/tw/event-search/54343/,2025-26 Taiwan Great Ball League Season 3,奧特狐桌遊店,32 人,2026-03-08,top128_gbl_54343.csv,16
3,gbl,all,https://asia.pokemon-card.com/tw/event-search/54344/,2025-26 Taiwan Great Ball League Season 3,兩個世界TwoWorld桌遊館,40 人,2026-03-08,top128_gbl_54344.csv,16
3,gbl,all,https://asia.pokemon-card.com/tw/event-search/54345/,2025-26 Taiwan Great Ball League Season 3,鬥陣,64 人,2026-03-08,,0
3,gbl,all,https://asia.pokemon-card.com/tw/event-search/54346/,2025-26 Taiwan Great Ball League Season 3,桌遊帝國咖啡廳,34 人,2026-03-08,top128_gbl_54346.csv,16
3,gbl,all,https://asia.pokemon-card.com/tw/event-search/54347/,2025-26 Taiwan Great Ball League Season 3,暖角落 卡牌遊戲專賣店,68 人,2026-03-21,,0
3,gbl,all,https://asia.pokemon-card.com/tw/event-search/54348/,2025-26 Taiwan Great Ball League Season 3,卡庫桌遊店,36 人,2026-03-22,,0
3,gbl,all,https://asia.pokemon-card.com/tw/event-search/54349/,2025-26 Taiwan Great Ball League Season 3,兔格樂 桌上休閒館,32 人,2026-03-28,top128_gbl_54349.csv,16
3,gbl,all,https://asia.pokemon-card.com/tw/event-search/54350/,2025-26 Taiwan Great Ball League Season 3,台中明志玩具,36 人,2026-03-28,top128_gbl_54350.csv,16
3,gbl,all,https://asia.pokemon-card.com/tw/event-search/56729/,2025-26 Taiwan Great Ball League Season 3,明日卡牌遊戲桌遊店,32 人,2026-04-04,top128_gbl_56729.csv,16
3,gbl,all,https://asia.pokemon-card.com/tw/event-search/56730/,2025-26 Taiwan Great Ball League Season 3,Ririco - 集換式卡牌專賣,70 人,2026-04-04,top128_gbl_56730.csv,32
3,gbl,all,https://asia.pokemon-card.com/tw/event-search/56731/,2025-26 Taiwan Great Ball League Season 3,松梅桌遊,70 人,2026-04-04,top128_gbl_56731.csv,32
3,gbl,all,https://asia.pokemon-card.com/tw/event-search/56732/,2025-26 Taiwan Great Ball League Season 3,Play Lab Game 休閒館 高雄,52 人,2026-04-04,,0
3,gbl,all,https://asia.pokemon-card.com/tw/event-search/56733/,2025-26 Taiwan Great Ball League Season 3,御三家桌遊共享空間,48 人,2026-04-05,,0
3,gbl,all,https://asia.pokemon-card.com/tw/event-search/56734/,2025-26 Taiwan Great Ball League Season 3,塔普卡桌遊卡牌,76 人,2026-04-05,,0
3,gbl,all,https://asia.pokemon-card.com/tw/event-search/56735/,2025-26 Taiwan Great Ball League Season 3,Bruce桌遊空間-三多店,80 人,2026-04-05,,0
3,gbl,all,https://asia.pokemon-card.com/tw/event-search/56736/,2025-26 Taiwan Great Ball League Season 3,PiggyLand豬豬玩具,32 人,2026-04-12,,0
3,gbl,all,https://asia.pokemon-card.com/tw/event-search/56737/,2025-26 Taiwan Great Ball League Season 3,卡舖啦啦,72 人,2026-04-12,,0
3,gbl,all,https://asia.pokemon-card.com/tw/event-search/56738/,2025-26 Taiwan Great Ball League Season 3,桌覓桌遊,66 人,2026-04-12,,0
3,gbl,all,https://asia.pokemon-card.com/tw/event-search/56739/,2025-26 Taiwan Great Ball League Season 3,貓腳印士林店,96 人,2026-04-18,,0
3,gbl,all,https://asia.pokemon-card.com/tw/event-search/56740/,2025-26 Taiwan Great Ball League Season 3,諾亞方舟益智遊戲,90 人,2026-04-18,,0
3,gbl,all,https://asia.pokemon-card.com/tw/event-search/56741/,2025-26 Taiwan Great Ball League Season 3,漢謚玩具社,150 人,2026-04-18,,0
3,gbl,all,https://asia.pokemon-card.com/tw/event-search/56742/,2025-26 Taiwan Great Ball League Season 3,幽靈屋,40 人,2026-04-19,,0
3,gbl,all,https://asia.pokemon-card.com/tw/event-search/56743/,2025-26 Taiwan Great Ball League Season 3,Play Lab Game 休閒館 台南,52 人,2026-04-19,,0
3,gbl,all,https://asia.pokemon-card.com/tw/event-search/56744/,2025-26 Taiwan Great Ball League Season 3,雙子星高雄鹽埕店,32 人,2026-04-19,,0
3,gbl,all,https://asia.pokemon-card.com/tw/event-search/57645/,2025-26 Taiwan Great Ball League Season 3,Card Master,256 人,2026-04-25,,0
3,gbl,all,https://asia.pokemon-card.com/tw/event-search/57646/,2025-26 Taiwan Great Ball League Season 3,新世紀遊戲館,256 人,2026-05-02,,0
3,gbl,all,https://asia.pokemon-card.com/tw/event-search/57647/,2025-26 Taiwan Great Ball League Season 3,紙牌屋,256 人,2026-05-23,,0
3,gbl,all,https://asia.pokemon-card.com/tw/event-search/57648/,2025-26 Taiwan Great Ball League Season 3,鬥樂一中店,256 人,2026-05-16,,0
